./108.csv:3523352	AK Acessórios	AK Acessórios Espremedor de Tinta Ref 240
./108.csv:3523352	AK Acessórios	AK Acessórios Espremedor de Tinta Ref 240
./108.csv:2227368	AK Acessórios	Espremedor de Tinta ref.240 - AK Acessórios
./108.csv:3377841	Amvox	Espremedor De Frutas 1L 40W AES 3100 Amvox - 110V
./108.csv:3198818	Amvox	Espremedor de Frutas 40W 1 Litro Preto AES3400 Amvox - 110V
./108.csv:3198821	Amvox	Espremedor de Frutas 40W 1 Litro Preto AES3400 Amvox - 220V
./108.csv:2194039	Arge	Espremedor Arge de Frutas Starmix Inox 5001
./108.csv:26774	Arge	Espremedor de Frutas  Inox  Bivolt  Arge - Starmix
./108.csv:26775	Arge	Espremedor de Frutas Inox Bivolt Arge - Supremix
./108.csv:2198081	Arge	Espremedor De Frutas Starmix Inox - 3540 5001
./108.csv:2858126	Arge	Espremedor de Frutas Super Mix Inox Bivolt Arge 110V 5002
./108.csv:1608805	Arno	Espremedor Arno Citrus Power PA32
./108.csv:2198336	Arno	Espremedor Citrus Power 1.25 Litros 70W  Pa32
./108.csv:2198073	Arno	Espremedor Citrus Power 1.25 Litros 70W - Pa32
./108.csv:2194044	Arno	Espremedor Citrus Power Arno 70W 1 25L PA32 - 110V
./108.csv:2194042	Arno	Espremedor Citrus Power Arno 70W 1 25L PA32 - 220V
./108.csv:1701818	Arno	Espremedor Citrus Power Preto - Arno-127 Volts
./108.csv:1701806	Arno	Espremedor Citrus Power Preto - Arno-220 Volts
./108.csv:35385	Arno	Espremedor de Frutas Arno Citrus Power Capacidade de 1 25L 70W - 220V
./108.csv:1236878	Arno	Espremedor de Frutas Citrus Power Arno - 220V
./108.csv:3125303	Arno	Espremedor de Frutas Citrus Power Black 70W  Arno - 220V
./108.csv:3047328	Arno	Espremedor de Frutas Citrus Power Black 70W 1 25 Litros 110v - Arno - 110V
./108.csv:2831230	Arno	Espremedor de Frutas Vitapress Vita Arno - 110V
./108.csv:2843307	Arno	Espremedor de Frutas Vitapress Vita Arno - 220V
./108.csv:1246933	Arno	Liquidificador Processador Espremedor 475W All In One - 110V
./108.csv:1246839	Arno	Liquidificador Processador Espremedor 475W All In One - 220V
./108.csv:1486962	Arno	Multiprocessador Multichef Arno 110V Preto com Espremedor Jarra de Liquidificador e Acessorios
./108.csv:2716989	ARTEX D&T CO LTD	Espremedor de alho  Aço Inox Hudson Linha 16 Dot.
./108.csv:2716895	ARTEX D&T CO LTD	Espremedor de alho Aço Inox  Hudson
./108.csv:2573834	Azeitona Web	Espremedor de Frutas Plástico Chapéu Cangaceiro
./108.csv:2951582	Bermar	Extrator Espremedor De Suco Alumínio Profissional Industrial Inox Bermar BM 87 - Bivolt
./108.csv:2141615	Black & Decker	Espremedor de Frutas - CJ650 - Black + Decker
./108.csv:2366345	Black & Decker	Espremedor de Frutas 127v Jarra 1 Litro  Black & Decker
./108.csv:3380490	Black & Decker	Espremedor de Frutas Black & Decker - 110V
./108.csv:3380506	Black & Decker	Espremedor de Frutas Black & Decker - 220V
./108.csv:2747061	Black & Decker	Espremedor de Frutas Black & Decker Premium Com Jarra de 1 Litro
./108.csv:2955777	Black & Decker	Espremedor de Frutas Black & Decker Premium Com Jarra de 1 Litro 110V
./108.csv:2230276	Black & Decker	Espremedor de Frutas Black and Decker CJ650 1 Litro - Branco
./108.csv:2134981	Black & Decker	ESPREMEDOR DE FRUTAS BLACK AND DECKER EM INOX - 110V
./108.csv:1136188	Black & Decker	Espremedor De Frutas Black E Decker 1 Lt - 127V
./108.csv:1136189	Black & Decker	Espremedor De Frutas Black E Decker 1 Lt - 220V
./108.csv:2843290	Black & Decker	Espremedor de Frutas Black&Decker - 110V
./108.csv:2816807	Black & Decker	Espremedor de Frutas Black&Decker - 220V
./108.csv:2129695	Black & Decker	Espremedor de Frutas Black&Decker CJ Inox 85W - 110V
./108.csv:2130678	Black & Decker	Espremedor de Frutas Black&Decker CJ Inox 85W - 220V
./108.csv:2129735	Black & Decker	Espremedor de Frutas Black&Decker CJ650 1 Litro Branco 30W - 110V
./108.csv:2129736	Black & Decker	Espremedor de Frutas Black&Decker CJ650 1 Litro Branco 30W - 220V
./108.csv:2135087	Black & Decker	Espremedor de Frutas CJ Inox Black & Decker - 110V
./108.csv:2135085	Black & Decker	Espremedor de Frutas CJ Inox Black & Decker - 220V
./108.csv:1333860	Black & Decker	Espremedor de Frutas CJ Inox Black & Decker com Alça Exclusiva - 110V
./108.csv:1333825	Black & Decker	Espremedor de Frutas CJ Inox Black & Decker com Alça Exclusiva - 220V
./108.csv:1542682	Black & Decker	Espremedor de Frutas CJ Inox Black and Decker - 110V
./108.csv:1542684	Black & Decker	Espremedor de Frutas CJ Inox Black and Decker - 220V
./108.csv:2141519	Black & Decker	Espremedor de Frutas CJ INOX Black e Decker - 110V
./108.csv:2141548	Black & Decker	Espremedor de Frutas CJ INOX Black e Decker - 220V
./108.csv:508151	Black & Decker	Espremedor de Frutas CJ650 - Black and Decker - 110V
./108.csv:508149	Black & Decker	Espremedor de Frutas CJ650 - Black and Decker - 220V
./108.csv:2366343	Black & Decker	Espremedor de Frutas Inox 85 Watts 127v Black & Decker
./108.csv:1365411	Black & Decker	Espremedor de Frutas Jarra de 1 Litro CJ 650 Black & Decker - 110V
./108.csv:1631162	Black & Decker	Espremedor de Frutas Jarra de 1 Litro CJ 650 Black & Decker 220v
./108.csv:3026517	Black and Decker	Espremedor De Frutas CJ650 Black and Decker 127 volts
./108.csv:3377792	Black Decker	Espremedor de Frutas Black Decker CJ INOX - 220V
./108.csv:2611777	BLACK e DECKER	Espremedor de Frutas Black & Decker CJ INOX - Inox - 110V
./108.csv:2852298	BLACK e DECKER	Espremedor de Frutas Black & Decker CJ Inox 110V
./108.csv:2552197	Black&Decker	Espremedor de Frutas Black and Decker CJ Inox - 110V
./108.csv:2552194	Black&Decker	Espremedor de Frutas Black and Decker CJ Inox - 220V
./108.csv:2472514	Black&Decker	Espremedor de Frutas Inox 85w Black & Decker - 220V
./108.csv:2840442	Bralimpia	Balde 25L com alça sem espremedor azul BA25AZ
./108.csv:1433061	Bralimpia	Balde espremedor doblô com capacidade para 30 litros - NY108 - Bralimpia (Amarelo)
./108.csv:1359609	Bralimpia	Balde espremedor doblô com capacidade para 50 litros - Vermelho e Azul - Bralimpia
./108.csv:2840448	Bralimpia	Balde espremedor doblô verde NY110
./108.csv:3521106	Bralimpia	Balde Espremedor para MOP Úmido Doblô 30 Litros Amarelo NY108 Bralimpia
./108.csv:3521107	Bralimpia	Balde Espremedor para MOP Úmido Doblô 30 Litros Azul NY109 Bralimpia
./108.csv:3521109	Bralimpia	Balde Espremedor para MOP Úmido Doblô 30 Litros Vermelho NY111 Bralimpia
./108.csv:1065420	Brandani Brasil	Espremedor Citrinos Metal Cromado Alto - Brandani
./108.csv:128630	Brinox	Espremedor de Alho / Quebra Nozes - Brinox
./108.csv:2525613	Brinox	Espremedor de Alho / Quebra Nozes Top Pratic - Brinox
./108.csv:1230684	Brinox	Espremedor de Alho e Quebra Nozes Top Pratic
./108.csv:1506888	Brinox	Espremedor de Alho e Quebra Nozes Top Pratic Inox 16cm 2202/346 Brinox
./108.csv:2479812	Brinox	Espremedor De Frutas Multiuso Process 2156102 Brinox
./108.csv:1814520	Brinox	Espremedor de Frutas Process Brinox Vermelho
./108.csv:128592	Brinox	Espremedor de Limão - Brinox
./108.csv:1599700	Brinox	Espremedor de Limão Cor Verde 2188 319 Brinox
./108.csv:2354207	Brinox	Espremedor de Limão Suprema 6 cm
./108.csv:2549346	Brinox	Espremedor de Limão Suprema Brinox
./108.csv:1274221	Brinox	Espremedor de Limão Suprema Brinox Aço Inox
./108.csv:20392	Brinox	Espremedor de Limão Verona  Brinox
./108.csv:2407428	Brinox	Espremedor de Limão Verona Verde 25 cm
./108.csv:2861085	BRITANIA	Espremedor de Frutas Bellagio com Acionamento Automático por Pressão
./108.csv:2130086	Britânia	Espremedor de Frutas 20w Bellagio Preto Britânia - 110V
./108.csv:2130088	Britânia	Espremedor de Frutas 20w Bellagio Preto Britânia - 220V
./108.csv:929978	Britânia	Espremedor de Frutas Bellagio Britânia - 110 V
./108.csv:3047310	Britânia	Espremedor de frutas bellagio maxx 35w 1 5 litros britânia - 110V
./108.csv:3047318	Britânia	Espremedor de frutas bellagio maxx 35w 1 5 litros britânia - 220V
./108.csv:2270509	Britânia	Espremedor de Frutas Bellagio Maxx 35W Rotação Dupla - Britânia - 110V
./108.csv:1530645	Britânia	ESPREMEDOR DE FRUTAS BELLAGIO MAXX BRITÂNIA
./108.csv:1530671	Britânia	ESPREMEDOR DE FRUTAS BELLAGIO MAXX BRITÂNIA 220V
./108.csv:1845914	Britânia	Espremedor de Frutas Bellagio Maxx EFBELLAGIOPR Britânia 220V
./108.csv:1264016	Britânia	Espremedor de Frutas Britânia Bellagio Maxx 1 5L com Porta-fio 35W - 110V
./108.csv:1264018	Britânia	Espremedor de Frutas Britânia Bellagio Maxx 1 5L com Porta-fio 35W - 220V
./108.csv:3084565	Britânia	Espremedor de Frutas Britânia Super Citrus 300 0 9L Inox Bivolt
./108.csv:3168995	Britânia	Espremedor Profissional Super Citrus 300 Britânia
./108.csv:2398042	Britania/inativo	Kit Cozinha Britânia c/ Liquidificador Diamante Black  Batedeira Bellagio e Espremedor de Frutas Bellagio Preto - 110V
./108.csv:1608813	Cadence	Espremedor Citro Plus Cadence
./108.csv:303969	Cadence	Espremedor Citro Plus ESP802 - Cadence - 110V
./108.csv:303976	Cadence	Espremedor Citro Plus ESP802 - Cadence - 220V
./108.csv:968603	Cadence	Espremedor de Frutas Automático 1 2 Litro - Cadence Max Juice ESP801 - 220v - 220V
./108.csv:912349	Cadence	Espremedor de Frutas Automático 1 2 Litro - Cadence Max Juice ESP801 127v
./108.csv:26689	Cadence	Espremedor de Frutas Cadence - ESP799 - 110V
./108.csv:26688	Cadence	Espremedor de Frutas Cadence - ESP799 - 220V
./108.csv:2490310	Cadence	Espremedor de Frutas Cadence Citro Plus Inox 85W - 220V
./108.csv:1191087	Cadence	Espremedor de Frutas Cadence Dilleta Branco - 110V
./108.csv:1191091	Cadence	Espremedor de Frutas Cadence Dilleta Branco - 220V
./108.csv:2057248	Cadence	Espremedor de Frutas Cadence Dilleta ESP799 - 220V
./108.csv:1740595	Cadence	Espremedor de Frutas Cadence Dilleta ESP800 25Watts 110V
./108.csv:1191095	Cadence	Espremedor de Frutas Cadence Dilleta Preto - 110V
./108.csv:1191098	Cadence	Espremedor de Frutas Cadence Dilleta Preto - 220V
./108.csv:1608820	Cadence	Espremedor de Frutas Cadence ESP799
./108.csv:1593918	Cadence	Espremedor de Frutas Cadence Juice Fresh ESP100 220V
./108.csv:2531292	Cadence	Espremedor de Frutas Cadence Max Juice Inox  Jarra Transparente com Marcação  Sistema de Travamento de Jarra  ESP801 110v
./108.csv:1191110	Cadence	Espremedor de Frutas Cadence Max Juicer 220V
./108.csv:2270525	Cadence	Espremedor de Frutas Citro Plus Acabamento em Aço Inox ESP802 - Cadence - 110V
./108.csv:2270517	Cadence	Espremedor de Frutas Citro Plus Acabamento em Aço Inox ESP802 - Cadence - 220V
./108.csv:3322438	Cadence	Espremedor De Frutas Citro Plus Cadence Aço Inox Preto 110v
./108.csv:3322444	Cadence	Espremedor De Frutas Citro Plus Cadence Aço Inox Preto 220v
./108.csv:1593905	Cadence	Espremedor de Frutas Citro Plus Esp802 Cadence 110V
./108.csv:1593906	Cadence	Espremedor de Frutas Citro Plus Esp802 Cadence 220V
./108.csv:1593914	Cadence	Espremedor de Frutas Dilleta 25W ESP800 Cadence 220V
./108.csv:2270541	Cadence	Espremedor de Frutas Dilleta 750ML Desmontável ESP799 Branco - Cadence - 110V
./108.csv:2270533	Cadence	Espremedor de Frutas Dilleta 750ML Desmontável ESP799 Branco - Cadence - 220V
./108.csv:2231537	Cadence	Espremedor de Frutas Dilleta Cadence - 110V
./108.csv:303979	Cadence	Espremedor de Frutas ESP800 - Cadence - 110V
./108.csv:303975	Cadence	Espremedor de Frutas ESP800 - Cadence - 220V
./108.csv:2472744	Cadence	Espremedor De Frutas Juice Fresh 700ml 2 Cones Esp101 Cadence - 110V
./108.csv:2270553	Cadence	Espremedor de Frutas Juice Fresh 700ML Desmontável ESP100 Branco - Cadence - 110V
./108.csv:2270557	Cadence	Espremedor de Frutas Juice Fresh 700ML Desmontável ESP100 Branco - Cadence - 220V
./108.csv:2269014	Cadence	Espremedor de Frutas Juice Fresh 700ML Desmontável ESP101 Preto - Cadence
./108.csv:2269023	Cadence	Espremedor de Frutas Juice Fresh 700ML Desmontável ESP101 Preto  Cadence - 110V
./108.csv:3162567	Cadence	Espremedor de Frutas Juice Fresh Cadence ESP101
./108.csv:3004578	Cadence	Espremedor de Frutas Juice Fresh ESP100 Branco Cadence
./108.csv:3403195	Cadence	Espremedor de Frutas Juice Fresh ESP101 Preto Cadence 127V
./108.csv:2970640	Cadence	Espremedor de frutas max juice cadence aço inox preto - 220V
./108.csv:3322448	Cadence	Espremedor De Frutas Max Juice Cadence Aço Inox Preto 110v
./108.csv:1593916	Cadence	Espremedor de Frutas Max Juice ESP801 Cadence 110V
./108.csv:23937	Cadence	Espremedor Frutas Max Juice - Cadence - 110V
./108.csv:23936	Cadence	Espremedor Frutas Max Juice - Cadence - 220V
./108.csv:2828754	Cadence	Espremedor Max Juicer  Cadence - 110V
./108.csv:2828815	Cadence	Espremedor Max Juicer Cadence - 220V
./108.csv:2582718	Casambiente	Espremedor de Frutas em Acrílico GL171 Amarelo
./108.csv:2582719	Casambiente	Espremedor de Frutas em Acrílico GL171 Azul
./108.csv:2582717	Casambiente	Espremedor de Frutas em Acrílico GL171 Laranja
./108.csv:2582716	Casambiente	Espremedor de Frutas em Acrílico GL171 Vermelho
./108.csv:1864082	Chef 'n	ESPREMEDOR DE LIMÃO CHEF´N VERDE
./108.csv:2056362	Chef´n	Espremedor Manual De Suco Juicester Chefn
./108.csv:256298	Chef'n	Espremedor de Alho Hermético Chef´n
./108.csv:501146	Chef'n	Mini Espremedor Duplo de Laranja e Limão Juicester Jr
./108.csv:2472511	Clink	Espremedor de Alho Ref.CK741 Clink
./108.csv:2735748	Clink	Espremedor de Batatas Inox CK703
./108.csv:2678595	Cuisinart	Espremedor de Citricos Cuisinart  CCJ500  Aco Inox - 110V
./108.csv:2678702	Cuisinart	Espremedor de Citricos Cuisinart  CCJ500  Aco Inox Cuisinart - 220V
./108.csv:3323901	Cuisinart	Espremedor de Frutas Citricas Cuisinart CCJ210 Precaucoes em Aco Escovado 100W - 110V
./108.csv:3323922	Cuisinart	Espremedor de Frutas Citricas Cuisinart CCJ210 Precaucoes em Aco Escovado 100W - 220V
./108.csv:3296687	Cuisinart	Espremedor de Frutas Cuisinart CCJ210 100W Aço Escovado - 110V
./108.csv:3296689	Cuisinart	Espremedor de Frutas Cuisinart CCJ210 100W Aço Escovado - 220V
./108.csv:1196923	Cuisinart	Espremedor de Frutas Cuisinart CCJ500 127v
./108.csv:1196925	Cuisinart	Espremedor de Frutas Cuisinart CCJ500 220V
./108.csv:3292950	Cuisinart	Espremedor de Frutas Cuisinart CCJ500 25W Aço Escovado - 110V
./108.csv:3294492	Cuisinart	Espremedor de Frutas Cuisinart CCJ500 25W Aço Escovado - 220V
./108.csv:2650845	CUISINART - ELETRO	ESPREMEDOR DE CÍTRICOS EM AÇO ESCOVADO CUISINART 127V - Mcassab
./108.csv:2267182	DAIWA	Espremedor   De Alho
./108.csv:1875168	DAIWA	Espremedor  De Alho
./108.csv:2443836	DAIWA	Espremedor de Alho Daiwa
./108.csv:2557741	Dcasa	Balde Espremedor Mop Centrífugador 360 Com 4 Refis Esfregão Azul Único
./108.csv:2110524	Delonghi	Espremedor de Frutas DeLonghi DL406 110V Disney Ariete com Filtro Separador de Sementes  Capacidade de 260 ml  Cor Vermelha 110V
./108.csv:2110523	Delonghi	Espremedor de Frutas DeLonghi DL406 110V Disney Ariete com Filtro Separador de Sementes  Capacidade de 260 ml Vermelha
./108.csv:1839328	Delonghi	Espremedor de Frutas Disney Ariete com Filtro Separador de Sementes Capacidade de 260 ml Cor Vermelha 110V DeLonghi DL406
./108.csv:3462086	Dinox	Espremedor De Alho 17 5cm Em Aço Inox MEPA-007 Dinox
./108.csv:2362834	Dinox	Espremedor De Alho Dinox
./108.csv:2362838	Dinox	Espremedor de Batatas e Legumes Dinox
./108.csv:2362835	Dinox	Espremedor De Limão Dinox
./108.csv:3462087	Dinox	Espremedor Para Limão 19cm Em Aço Inox MEPL-006 Dinox
./108.csv:2688053	Electrolux	Espremedor de Frutas Electrolux Easyline 1L JPE10 - 220V
./108.csv:2688063	Electrolux	Espremedor de Frutas Electrolux JP10 Buon Giorno - 220V
./108.csv:281505	Electrolux	Espremedor de Frutas Electrolux JPE11 Preto - 220V
./108.csv:2196029	Electrolux	Espremedor Easysense 30w 1 L Preto JPE11 Electrolux - 110V
./108.csv:1908678	Eterny	Espremedor de Frutas Eterny ET12010 40W Jarra  Aço  Inox 220v
./108.csv:487301	Eterny	Espremedor de Frutas Eterny ET12010 40W Jarra  Aço Inox - 110V
./108.csv:2442209	Etilux	Espremedor de Alho Hércules - Etilux Cutelaria
./108.csv:2411486	Euro	Espremedor de Alho E Quebra Nozes - Euro
./108.csv:2411492	Euro	Espremedor de Alho Inox - Euro
./108.csv:3380426	Euro	Espremedor Guido de Alho Euro ZR236
./108.csv:3380432	Euro	Espremedor Matli Multiuso de Frutas Euro IN1318
./108.csv:2100340	Euro Home	Espremedor de Alho em Inox Euro Home  IN8638.
./108.csv:3095086	Euro Home	Espremedor de Alho Euro Home Inox 25cm IN8638
./108.csv:3095087	Euro Home	Espremedor de Frutas Multiuso Euro Home Base Inox e Coletor Plástico IN1318
./108.csv:415959	Euro Home	Espremedor de Frutas para Limão e Laranja - Euro Home
./108.csv:1847454	Fackelmann	ESPREMEDOR ALHO DE INOX CABO BRANCO LINHA ARCADALINA Hudson
./108.csv:1847458	Fackelmann	ESPREMEDOR BATATA INOX CABO BRANCO LINHA ARCADALINA Hudson
./108.csv:1848719	Fackelmann	ESPREMEDOR DE ALHO MANUAL INOX COM CABO DE PLASTICO Hudson
./108.csv:1847534	Fackelmann	ESPREMEDOR DE FRUTAS COM 2 PEÇAS DE PLASTICO Hudson
./108.csv:1272125	FAET	Espremedor Clean - Faet 3509 - 110V
./108.csv:1272129	FAET	Espremedor Clean - Faet 3510 - 220V
./108.csv:3241353	FAK	Espremedor Extrator De Suco Laranja Em Inox Fak 700ml
./108.csv:3224715	FAK	Espremedor Extrator De Suco Laranja Fak Grande Inox 3 Litros
./108.csv:3052984	FAK METALURGICA	Extrator Espremedor de Suco Grande Corpo em Alumínio com Chave seletora 110 / 220 V
./108.csv:2909053	FAK METALURGICA	Extrator Espremedor de Suco Grande Corpo em Inox 3L com Chave seletora 110 / 220 V
./108.csv:3067531	FAK METALURGICA	Extrator Espremedor de Suco médio Corpo em Alumínio com Chave seletora 110 220V
./108.csv:3052990	FAK METALURGICA	Extrator Espremedor de Suco Pequeno Corpo em Alumínio com Chave seletora 110 / 220 V
./108.csv:1849003	Fischer	Espremedor de Frutas 1L Citrus Fischer Le Cheff Preto 13511 - 110V
./108.csv:1848996	Fischer	Espremedor de Frutas 1L Citrus Fischer Le Cheff Preto 13511 - 220V
./108.csv:1735248	Fischer	Espremedor de Frutas Citrus Cook Line Fischer Branco - 110V
./108.csv:1735302	Fischer	Espremedor de Frutas Citrus Cook Line Fischer Branco - 220V
./108.csv:1867412	Fischer	Espremedor de Frutas Citrus Cook Line Fischer Preto 110V
./108.csv:1867413	Fischer	Espremedor de Frutas Citrus Cook Line Fischer Preto 220V
./108.csv:897463	Fischer	Espremedor de Frutas Citrus Fischer Cook Line - 110 V - Branco
./108.csv:897462	Fischer	Espremedor de Frutas Citrus Fischer Cook Line - 220 V - Branco
./108.csv:3114134	Fischer	Espremedor de Frutas Citrus Le Cheff Preto Fischer - 110V
./108.csv:3377802	Fischer	Espremedor de Frutas Citrus Le Cheff Preto Fischer - 220V
./108.csv:3241577	Fischer	Espremedor de Frutas Elétrico Fischer Citrus Le Cheff
./108.csv:257509	Fullcircle	Garrafa com Spray e Espremedor com pano para Limpeza
./108.csv:2841973	Gedex	Espremedor de Frutas Branco
./108.csv:2495260	Gedex	Espremedor de Laranja e Limão em Alumínio
./108.csv:27070	Ghidini	Espremedor de Alho 3 Lâminas ACEA  Branco - Ghidini
./108.csv:2356001	GIFT4U	Espremedor de Fruta Chapeu Manual Azul 730450160 Gift4u
./108.csv:2778649	GIFT4U	Espremedor de Frutas no Formato de um Chapéu de Cangaceiro com Desenhos Típicos GIFT4U 730450160
./108.csv:2636117	Gourmet Mix	Espremedor de Alho com Quebra Nozes - Gourmet Mix
./108.csv:2636122	Gourmet Mix	Espremedor de Alho Inox Plus - Gourmet Mix
./108.csv:3260952	Gourmet Mix	Espremedor De Limão
./108.csv:188545	Hamilton Beach	Espremedor de Frutas Freshmix - Hamilton Beach - 110V
./108.csv:188546	Hamilton Beach	Espremedor de Frutas Freshmix - Hamilton Beach - 220V
./108.csv:1864080	Hamilton Beach	ESPREMEDOR DE FRUTAS FRESHMIX HAMILTON BEACH 110V
./108.csv:3347266	Hamilton Beach	Espremedor de Frutas Freshmix Preto 66333 Hamilton Beach  220V
./108.csv:3347250	Hamilton Beach	Espremedor de Frutas Freshmix Preto 66333 Hamilton Beach 110V
./108.csv:3051436	Hauskraft	Espremedor De Alho Cromado ZR328 Hauskraft
./108.csv:3176798	Hauskraft	Espremedor de Batatas Inox Hercules MT5788
./108.csv:1847463	Hercules	ESPREMEDOR COM RESERVATORIO HERCULES
./108.csv:1847472	Hercules	ESPREMEDOR DE ALHO HERCULES
./108.csv:474833	Hercules	Espremedor de Frutas Multiuso - Hercules
./108.csv:1848726	Hercules	ESPREMEDOR DE LIMAO 15CM HERCULES
./108.csv:1230681	Hércules	Espremedor Alho Hércules 26 cm - Preto
./108.csv:3282676	Hércules	Espremedor De Alho 19.8cm Aço Inox UT84-012 Hércules
./108.csv:3281373	Hércules	Espremedor de Alho em Aço Inox 19 8 cm
./108.csv:3429181	Hércules	Espremedor de Alho em Inox Hercules UT84-012
./108.csv:1366121	Hércules	Espremedor de Batata 10 cm Inox
./108.csv:2904305	Hércules	Espremedor de Frutas em Inox Hercules UC37
./108.csv:3155503	Hércules	Espremedor de Limão - Hercules EL10
./108.csv:1969659	Hércules	Espremedor Limão 15Cm Inox
./108.csv:2965816	Hércules	Espremedor Manual De Frutas 400ml UTP75 Hércules
./108.csv:2546544	Home Life	Espremedor de Frutas Turbo Citrus 127v Home Life
./108.csv:1599253	Home Life	Espremedor De Frutas Turbo Citrus Hle 750 Home Life 110V
./108.csv:2999450	Hudson	Espremedor Batata com Cabo Plástico
./108.csv:2999451	Hudson	Espremedor de Alho - Linha 16 Dot
./108.csv:1383856	Hudson	Espremedor de Batata
./108.csv:1383869	Hudson	Espremedor de Limão de Plástico de Uso Doméstico
./108.csv:1454305	Hudson	Espremedor de Limão e Laranja com Jarra Medidora
./108.csv:2764692	Hudson	Espremedor de Limão em Formato de Peixe
./108.csv:3523150	Hudson	Espremedor de Pasta de Dentes
./108.csv:2712143	Hudson	Espremedor para Batatas e Legumes
./108.csv:2716189	Hudson	Espremedor para Ovos Linha Ovo
./108.csv:2988755	Import Way	Espremedor De Frutas Extrator De Suco Laranja 110v Home Life
./108.csv:2664925	Invicta	Espremedor de Alho Vollare - Invicta
./108.csv:3088357	Jamie Oliver	Espremedor E Fatiador De Alho Jamie Oliver
./108.csv:1838716	Jamie Oliver	ESPREMEDOR FATIADOR DE ALHO JAMIE OLIVER PRATA
./108.csv:2986719	JAMIE OLIVIER	ESPREMEDOR E FATIADOR DE ALHO - JAMIE OLIVER
./108.csv:2517449	JL Colombo	Espremedor de frutas industrial Potente JL Colombo
./108.csv:3377819	JL Colombo	Espremedor de Frutas Médio JL Colombo - Bivolt
./108.csv:2825520	JL Colombo	Espremedor de Suco 1/2 Cv Bivolt
./108.csv:2869887	JL Colombo	Espremedor de Suco Grande Bivolt
./108.csv:2869889	JL Colombo	Espremedor de Suco Industrial Bivolt
./108.csv:2869891	JL Colombo	Espremedor de Suco Médio Bivolt
./108.csv:2869892	JL Colombo	Espremedor de Suco Pequeno Bivolt
./108.csv:3378246	JL Colombo	Extrator de Suco Espremedor de Frutas Médio 1/4 CV Premium  JL Colombo Bi-volt - Bivolt
./108.csv:3378262	JL Colombo	Extrator de Suco Espremedor de Frutas Power  JL Colombo Bi-volt - Bivolt
./108.csv:2330625	JL Colombo	Extrator Espremedor de Frutas Inox Grande JL Colombo - Bivolt
./108.csv:2330668	JL Colombo	Extrator Espremedor de Frutas Inox Industrial JL Colombo - Bivolt
./108.csv:2330671	JL Colombo	Extrator Espremedor de Frutas Inox Médio JL Colombo - Bivolt
./108.csv:2330674	JL Colombo	Extrator Espremedor de Frutas Inox Pequeno JL Colombo - Bivolt
./108.csv:3216989	JL Colombo	Extrator Industrial Espremedor De Sucos Grande Jl Colombo - Bivolt
./108.csv:1707144	Joseph Joseph	Espremedor de alho Easy Press Joseph Joseph Cinza
./108.csv:3316128	Joseph Joseph	Espremedor de alho Rocker  Joseph Joseph
./108.csv:239463	Joseph Joseph	Espremedor de Frutas Verde/Amarelo - Joseph Joseph
./108.csv:3539747	Juicer	Centrífuga Manual Espremedor de Frutas
./108.csv:3289291	Kehome	Espremedor De Batatas Em Inox Kehome
./108.csv:3289302	Kehome	Espremedor De Limão Kehome  Azul
./108.csv:3289307	Kehome	Espremedor De Limão Kehome  Verde
./108.csv:3041479	Kehome	Espremedor Prático Pure de Batata Inox Ke Home
./108.csv:1864076	Kitchen Craft	ESPREMEDOR DE ALHO COLOURWORK KITCHEN CRAFT INOX AZUL
./108.csv:1864077	Kitchen Craft	ESPREMEDOR DE ALHO COLOURWORK KITCHEN CRAFT INOX VERMELHO
./108.csv:2606944	KitchenAid	Espremedor de Alho com Caixa - KitchenAid
./108.csv:3394871	KitchenAid	Espremedor de Alho Empire Red Inox Vermelho KII62BX KitchenAid
./108.csv:1276831	KitchenAid	Espremedor de Alho Kitchenaid Vermelho
./108.csv:1506893	KitchenAid	Espremedor de Alho Vermelho KII62AXONA KitchenAid
./108.csv:3326705	Lenox	Espremedor de Frutas Pratic 750mL 127V Lenoxx
./108.csv:3001410	Lenoxx	Espremedor de Frutas Pratic 750mL 220V Lenoxx
./108.csv:1085468	Liz	Espremedor Citrique - Liz - 110V
./108.csv:1085441	Liz	Espremedor Citrique - Liz - 220V
./108.csv:2452027	Liz	Liquidificador Blendy 5S Vermelho + Espremedor Citrique + Mixer Facilite com Jarra de 800ml 220V - Liz
./108.csv:2452021	Liz	Liquidificador Blendy 5S Vermelho + Espremedor Citrique 220V - Liz
./108.csv:2958823	Lol	Espremedor de Limão Amarelo
./108.csv:2958815	Lol	Espremedor de Limão Verde
./108.csv:1629043	Loren Sid	Espremedor de Frutas Extrasuk Hiper Profissional 241 Loren Sid - Bivolt
./108.csv:1382632	Loren Sid	Espremedor de Frutas Extrasuk Requinte Preto 2528 Loren Sid - Bivolt
./108.csv:1365409	Loren Sid	Espremedor de Frutas Extrasuk Requinte Vermelho 2249 Bivolt Loren Sid
./108.csv:2351075	Lyor	Espremedor De Alho De Silicone 16 Cm Amarelo
./108.csv:2351076	Lyor	Espremedor De Alho De Silicone 16 Cm Preto
./108.csv:2351089	Lyor	Espremedor De Alho De Silicone 16 Cm Rosa
./108.csv:2351091	Lyor	Espremedor De Alho De Silicone 16 Cm Verde
./108.csv:2268856	Lyor Design	Espremedor de Alho Preto
./108.csv:3315533	Lyor Design	Espremedor de Plástico para Frutas Juicer
./108.csv:1074144	Mallory	Espremedor Citromax Black - Mallory
./108.csv:1864249	Mallory	Espremedor Citromax Black 127v Mallory
./108.csv:1202469	Mallory	Espremedor Citromax Mallory Preto - 110V
./108.csv:1202470	Mallory	Espremedor Citromax Mallory Preto - 220V
./108.csv:1581553	Mallory	Espremedor Citromax Preto 220V Mallory
./108.csv:1864245	Mallory	Espremedor Citromax Preto Mallory 110V
./108.csv:3047213	Mallory	Espremedor de frutas 1 2 litros preto mallory - 110V
./108.csv:3047297	Mallory	Espremedor de frutas 1 2 litros preto mallory - 220V
./108.csv:3056102	Mallory	Espremedor de Frutas Citromax Preto Mallory
./108.csv:1136192	Mallory	Espremedor De Frutas Mallory 2 Em 1 - 127 Volts
./108.csv:1136217	Mallory	Espremedor De Frutas Mallory Citromax - 127 Volts
./108.csv:3216921	Mallory	Espremedor de Frutas Mallory Citromax 1 2 L Preto - 220V
./108.csv:1860929	Mallory	Espremedor de Frutas Mallory Citromax 1 2L B92400212
./108.csv:487306	Mallory	Espremedor Extrator de Frutas Mallory Citromax Black - 110V
./108.csv:1201947	Mallory	Espremedor Fruits 2 em 1 Mallory B92400202 220V
./108.csv:1202494	Mallory	Espremedor Fruits 2 em 1 Mallory Branco - 110V
./108.csv:1202504	Mallory	Espremedor Fruits 2 em 1 Mallory Branco - 220V
./108.csv:1581973	Mallory	Espremedor Fruits 2X1 40W Mallory 110V
./108.csv:2523855	Marcamix	Espremedor de Alho & Quebra Nozes Inox Plus - Gourmet Mix
./108.csv:1230838	Marcamix	Espremedor de Alho Plus Inox Gourmet Mix
./108.csv:2523856	Marcamix	Espremedor Para Limão de Inox - Gourmet Mix
./108.csv:1847532	Meridional	ESPREMEDOR DE ALHO CAMBUI  MERIDIONAL
./108.csv:1360191	Metaltru	Espremedor Citrus Metaltru - Transparente e Verde
./108.csv:3249734	Mimo Style	Espremedor de alho em aço inox Mimo Style
./108.csv:1140602	Mondial	Espremedor Citrus Juicer - Mondial - 127 Volts
./108.csv:1065436	Mondial	Espremedor Citrus Juicer - Mondial - 220v
./108.csv:33675	Mondial	Espremedor de Frutas E-10 Turbo 250W Bivolt - Mondial
./108.csv:2721474	Mondial	Espremedor de Frutas Elétrico Mondial E-20 450ml 85W Preto - 110V
./108.csv:2721730	Mondial	Espremedor de Frutas Elétrico Mondial E-20 450ml 85W Preto - 220V
./108.csv:2647886	Mondial	Espremedor de Frutas Mondial Citrus Juicer 1 5 Litros E-06 - Preto e Prata - 110V
./108.csv:2611776	Mondial	Espremedor de Frutas Mondial Citrus Juicer 1 5 Litros E-06 - Preto e Prata - 220V
./108.csv:3026528	Mondial	Espremedor de Frutas Mondial Premium E-02  220V
./108.csv:3418842	Mondial	Espremedor de Frutas Mondial Premium E-23 1 25 Litro 30W Vermelho - 110V
./108.csv:3418843	Mondial	Espremedor de Frutas Mondial Premium E-23 1 25 Litro 30W Vermelho - 220V
./108.csv:2194054	Mondial	Espremedor de Frutas Mondial Turbo Citrus 0190 02 - 110V
./108.csv:2194050	Mondial	Espremedor de Frutas Mondial Turbo Citrus 0190 02 - 220V
./108.csv:3166023	Mondial	Espremedor de Frutas Premium 30W   E-02 Mondia
./108.csv:3309914	Mondial	Espremedor de Frutas Premium 30W E-02 Mondial - 110V
./108.csv:2517454	Mondial	Espremedor de Frutas Premium Mondial E-02
./108.csv:3156883	Mondial	Espremedor de Frutas Turbo Citrus 25W   E 01 220v  Mondial
./108.csv:3184164	Mondial	Espremedor de Frutas Turbo Citrus 25W   E-01 110v - Mondial
./108.csv:1075703	Mondial	Espremedor de Frutas Turbo Citrus Mondial - E-01 - 110v
./108.csv:1075729	Mondial	Espremedor de Frutas Turbo Citrus Mondial - E-01 220v
./108.csv:2227935	Mondial	Espremedor de Frutas Turbo Premium 250W Mondial - E-10
./108.csv:3047346	Mondial	Espremedor de frutas turbo premium inox 250w e-10 mondial
./108.csv:2647887	Mondial	Espremedor Mondial Premium E-02 1 2 Litro - Preto
./108.csv:1932881	Mondial	Espremedor Premium 127V - Mondial
./108.csv:1932882	Mondial	Espremedor Premium 220V - Mondial
./108.csv:34162	Mondial	Espremedor Premium E-02 - Mondial - 110V
./108.csv:34163	Mondial	Espremedor Premium E-02 - Mondial - 220V
./108.csv:2356901	Mondial	Espremedor Turbo Citrus  Mondial
./108.csv:498490	Mondial	Espremedor Turbo Citrus - Mondial - 110V
./108.csv:498493	Mondial	Espremedor Turbo Citrus - Mondial - 220V
./108.csv:1140603	Mondial	Espremedor Turbo Citrus Laranja - Mondial - 127 Volts
./108.csv:1173727	Mondial	Espremedor Turbo Citrus Laranja - Mondial - 220 Volts
./108.csv:3059986	Mondial	Espremedor Turbo Citrus Maxi Mundial Modelo MME-14 - 110V
./108.csv:34088	Mondial	Espremedor Turbo Citrus Mondial - 110V
./108.csv:34087	Mondial	Espremedor Turbo Citrus Mondial - 220V
./108.csv:3387533	Não definido	Espremedor De Alho  Gedex
./108.csv:3387534	Não definido	Espremedor De Frutas Branco
./108.csv:3048199	Não definido	Espremedor de Frutas Oster 0 5 Litros 75w de Potência Preto e Inox
./108.csv:3387535	Não definido	Espremedor De Laranja E Limão Em Alumínio
./108.csv:2781715	Não Informado	Espremedor De Frutas Turbo Citrus 127v 30w Hle 750 Home Life
./108.csv:188499	Nigro	Espremedor de Batatas e Nhoqueira - Nigro
./108.csv:3365264	Oia Decor	Espremedor Alho Plus Azul
./108.csv:3365268	Oia Decor	Espremedor Alho Plus Laranja
./108.csv:3365273	Oia Decor	Espremedor Alho Plus Preto
./108.csv:3365277	Oia Decor	Espremedor de Alho Amarelo
./108.csv:3365283	Oia Decor	Espremedor de Alho Branco
./108.csv:3365285	Oia Decor	Espremedor de Alho Polido
./108.csv:3365289	Oia Decor	Espremedor de Alho Verde
./108.csv:3365292	Oia Decor	Espremedor de Alho Vermelho
./108.csv:3324114	Oia Decor	Espremedor de Batata Amarelo
./108.csv:3324118	Oia Decor	Espremedor de Batata Azul
./108.csv:3324134	Oia Decor	Espremedor de Batata Branco
./108.csv:3324140	Oia Decor	Espremedor de Batata Plus branco
./108.csv:3324143	Oia Decor	Espremedor de Batata Plus Polido
./108.csv:3365295	Oia Decor	Espremedor de Batata Polido
./108.csv:3324148	Oia Decor	Espremedor de Batata Preto
./108.csv:3324164	Oia Decor	Espremedor de Batata Verde
./108.csv:3365297	Oia Decor	Espremedor de Batata Vermelho
./108.csv:3324167	Oia Decor	Espremedor de Limão Azul
./108.csv:3324193	Oia Decor	Espremedor de Limão Branco
./108.csv:3324196	Oia Decor	Espremedor de Limão Preto
./108.csv:3324202	Oia Decor	Espremedor de Limão Vermelho
./108.csv:3324206	Oia Decor	Espremedor Limão Plus Amarelo
./108.csv:3324212	Oia Decor	Espremedor Limão Plus Azul
./108.csv:3324214	Oia Decor	Espremedor Limão Plus Branco
./108.csv:3324218	Oia Decor	Espremedor Limão Plus Laranja
./108.csv:3324219	Oia Decor	Espremedor Limão Plus Polido
./108.csv:3324224	Oia Decor	Espremedor Limão Plus Preto
./108.csv:3324226	Oia Decor	Espremedor Limão Plus Vermelho
./108.csv:2969161	Origin	Espremedor de Ci?tricos  Ergo
./108.csv:2391246	Oster	ESPREMEDOR DE FRUTAS - OSTER -  75 WATTS CAPACIDADE 500ML 127V  - FPSTJU4176-017
./108.csv:3489422	Oster	Espremedor De Frutas 500ml Preto 110V 4176 Oster
./108.csv:2950409	Oster	Espremedor De Frutas Chrome Oster 110V
./108.csv:1908673	Oster	Espremedor de Frutas com Capacidade de 500ml Preto 4176 Oster  - 110v
./108.csv:1908665	Oster	Espremedor de Frutas com Capacidade de 500ml Preto 4176 Oster - 220v
./108.csv:2928134	Oster	Espremedor de Frutas Oster - 110V
./108.csv:2533791	Oster	Espremedor de Frutas Oster Chrome 500ml 220V
./108.csv:18445	Oster	Espremedor de Frutas Oster Preto - 110V
./108.csv:21987	Oster	Espremedor de Frutas Oster Preto - 220V
./108.csv:3377828	Oster	Espremedor de Frutas Preto Oster - 110V
./108.csv:2861131	Oster	Espremedor Oster Chrome 75 Watts Capacidade  para 500ml
./108.csv:2861087	Oster	Espremedor Oster Chrome 75 Watts Capacidade para 500ml
./108.csv:1194923	Ou	Espremedor de Frutas Citro 850 ml - Neutra
./108.csv:1194980	Ou	Espremedor de Frutas OU Colors 850ml - Branco
./108.csv:1194649	Ou	Espremedor de Frutas OU Vitra 850ml - Preto
./108.csv:3281376	Ou Acrílicos	Espremedor de Frutas em Acrílico Vermelho
./108.csv:515820	OU Premium	Espremedor de Frutas Vitra EC 580 OU  Preto
./108.csv:515863	OU Premium	Espremedor de Frutas Vitra EC 580 OU  Verde
./108.csv:515867	OU Premium	Espremedor de Frutas Vitra EC 580 OU  Vermelho
./108.csv:2541941	Oxo	ESPREMEDOR BATATA AÇO INOX 30cm - Mcassab
./108.csv:2986716	Oxo	ESPREMEDOR DE ALHO EM INOX - OXO
./108.csv:2129779	Philco	Espremedor De Frutas Citrus Com 2 Cones 85W 1.5L Philco - 110V
./108.csv:2129782	Philco	Espremedor De Frutas Citrus Com 2 Cones 85W 1.5L Philco - 220V
./108.csv:1816272	Philco	ESPREMEDOR DE FRUTAS CITRUS PHILCO 127V
./108.csv:1816264	Philco	ESPREMEDOR DE FRUTAS CITRUS PHILCO 220V
./108.csv:1654047	Philco	Espremedor de Frutas Citrus Turbo 53-301-015 Philco 127v Prata/Preto
./108.csv:1519959	Philco	Espremedor de Frutas Citrus Turbo Philco 220v Prata/Preto
./108.csv:1821237	Philco	ESPREMEDOR DE FRUTAS NECTAR  TURBO 100 PHILCO - 220V
./108.csv:1557356	Philco	Espremedor de Frutas Néctar Turbo 100  53-301-023  Philco  Vermelho  127v
./108.csv:1557372	Philco	Espremedor de Frutas Néctar Turbo 100  53-302-023  Philco  Vermelho  220v
./108.csv:1821234	Philco	ESPREMEDOR DE FRUTAS NECTAR TURBO 100 PHILCO - 110V
./108.csv:1557381	Philco	Espremedor de Frutas Nectar Turbo 100W  PEF-01 Philco  127v  Prata
./108.csv:1557396	Philco	Espremedor de Frutas Nectar Turbo 100W  PEF-01 Philco  220v  Prata
./108.csv:2129790	Philco	Espremedor De Frutas Nectar Turbo Jarra De 500ml Philco - 220V
./108.csv:21975	Philco	Espremedor de Frutas Nectar Turbo N - Philco
./108.csv:2270569	Philco	Espremedor de Frutas Philco Nectar Turbo 100W PEF01 - 220V
./108.csv:2495090	Philco	ESPREMEDOR NECTAR TURBO 100W PHILCO
./108.csv:2495095	Philco	ESPREMEDOR NECTAR TURBO 100W PHILCO 220V
./108.csv:2843315	Philips	Espremedor de Frutas Walita RI2745 Philips - 110V
./108.csv:429078	Philips Walita	Espremedor de Frutas Philips Walita Black Preto - 110V
./108.csv:429079	Philips Walita	Espremedor de Frutas Philips Walita Black Preto - 220V
./108.csv:2479490	Philips Walita	Espremedor de Frutas Philips Walita RI2746/01ML Select 1L  com Seletor de Polpa - 220V
./108.csv:2473065	Plasútil	Jarra Pequena Com Espremedor - Plasútil
./108.csv:2439417	Quadrifoglio	Espremedor de Limão 7 5x22cm Verde - Quadrifoglio
./108.csv:3051434	Ricaelle	Espremedor De Alho 19cm Em Aço Inox KL1022 Hauskraft
./108.csv:2886597	Ricaelle	Espremedor De Frutas Manual 500ml Amarelo 185AMP Ricaelle
./108.csv:2886598	Ricaelle	Espremedor De Frutas Manual 500ml Azul 185AZP Ricaelle
./108.csv:2886599	Ricaelle	Espremedor De Frutas Manual 500ml Verde 185VDP Ricaelle
./108.csv:2886600	Ricaelle	Espremedor De Laranja E Limão Branco 185 Ricaelle
./108.csv:3281461	Rojemac	Pilão com 2 colheres e 1 espremedor Edu Guedes
./108.csv:1406076	Room Copenhagen	Espremedor de Fruta Manual Ole Jensen Amarelo
./108.csv:1406078	Room Copenhagen	Espremedor de Fruta Manual Ole Jensen Branco
./108.csv:2413511	RY TOP	Prático Espremedor de Frutas Ref.A489B Rytop
./108.csv:2872525	sanxya	COPO DE PLASTICO COM CANUDO E ESPREMEDOR SXYS-2101 LARANJA
./108.csv:2872524	sanxya	COPO DE PLASTICO COM CANUDO E ESPREMEDOR SXYS-2101 ROSA
./108.csv:3533751	Savora	Espremedor de Alho Savora
./108.csv:2668537	Semp Toshiba	Espremedor de Frutas Semp Toshiba Soft  ES6015PT - 110V
./108.csv:2668530	Semp Toshiba	Espremedor de Frutas Semp Toshiba Soft  ES6015PT - 220V
./108.csv:2581586	SEMP TOSHIBA PORTÁTEIS	Espremedor de Frutas Semp Toshiba Practice  ES3015BR - 110V
./108.csv:3319690	Siliconezone	Espremedor De Alho Siliconezone Verde
./108.csv:3322452	Siliconezone	Espremedor De Limão Siliconezone Amarelo
./108.csv:3198830	Skymsen	Espremedor de Frutas Profissional Inox EXB-N Skymsen - 110V
./108.csv:2931811	Sottile	Kit espremedores para cozinha e martelo de carne vermelho em aluminio ana maria braga
./108.csv:2970181	Spolu	Espremedor de Fruta Industrial Médio SPL-005 Spolu - Bivolt
./108.csv:3006102	Spolu	Espremedor de Fruta Industrial Pequeno SPL-004 Bivolt Spolu
./108.csv:3092025	Spolu	Espremedor de Fruta Industrial SPL-007 Bivolt Spolu
./108.csv:1783512	Spolu	Espremedor de Fruta Pocket Caçamba Plástica 200 W Spolu - 110V
./108.csv:1783428	Spolu	Espremedor de Fruta Pocket Caçamba Plástica 200 W Spolu - 220V
./108.csv:1196926	Spolu	Espremedor De Frutas Grande - Spolu - SPL-006 - Bivolt
./108.csv:1196927	Spolu	Espremedor De Frutas Industrial - Spolu - SPL-007 - Bivolt
./108.csv:1412623	Spolu	Espremedor de Frutas Industrial Aço Inox Bivolt Potenza - SPL-071 - Spolu
./108.csv:3092033	Spolu	Espremedor de Frutas Industrial Grande SPL-006 Bivolt Spolu
./108.csv:3377814	Spolu	Espremedor de Frutas Industrial Pocket - Bivolt
./108.csv:2757740	Spolu	Espremedor de Frutas Industrial Pocket Spolu 127V
./108.csv:2757673	Spolu	Espremedor de Frutas Industrial Pocket Spolu 220V
./108.csv:1196928	Spolu	Espremedor De Frutas Médio - Spolu - SPL-005 - Bivolt
./108.csv:1197040	Spolu	Espremedor De Frutas Pequeno Spolu  SPL-004 - Bivolt
./108.csv:2737824	Spolu	Espremedor de Frutas Pocket em Aço Inox  SPL-99/SPL-100 - Spolu
./108.csv:2346709	Spolu	Espremedor de Frutas Spolu Pocket SPL-100
./108.csv:3321330	Spolu	Espremedor de Frutas Spolu Pocket SPL-100 Cinza - Bivolt
./108.csv:2346710	Spolu	Espremedor de Frutas Spolu Potenza SPL-071
./108.csv:3509647	Spolu	Espremedor Frutas Industrial Pocket SPL-100 Copo Plástico - Spolu 220v
./108.csv:2330703	Spolu	Extrator Espremedor de Frutas SPL-004 Spolu - Bivolt
./108.csv:2330724	Spolu	Extrator Espremedor de Frutas SPL-005 Spolu - Bivolt
./108.csv:2330710	Spolu	Extrator Espremedor de Frutas SPL-006 Spolu - Bivolt
./108.csv:2330727	Spolu	Extrator Espremedor de Frutas SPL-007 Spolu - Bivolt
./108.csv:906862	Starmix	Espremedor de Frutas Aço Inox Arge Starmix
./108.csv:2824934	Suggar	Espremedor de Frutas Max Fruit Suggar
./108.csv:1888111	Suggar	Espremedor de Frutas Max Fruit Suggar - 110V
./108.csv:1888112	Suggar	Espremedor de Frutas Max Fruit Suggar - 220V
./108.csv:3216937	Suggar	Espremedor de Frutas Max Fruit Suggar Branco - 220V
./108.csv:2972177	Suggar	Espremedor de Frutas Suggar Max Fruit Branco 220V EF8662BR
./108.csv:1888125	Suggar	Espremedor Max Fruit Branco Suggar - 220V
./108.csv:1577140	Swissmar	ESPREMEDOR DE ALHO Swissmar  UTILITA INOX 1 5X18 5
./108.csv:2636124	TAIYING	Espremedor de Alho TY246
./108.csv:2541944	TERCEIROS DKB	ESPREMEDOR DE ALHO EM ALUMÍNIO SUSI ZYLISS - Mcassab
./108.csv:3212478	THATA	Cortador Picador Espremedor de Alho e Temperos
./108.csv:3007889	Top Brasil	Pratico Espremedor De Frutas A489B Top Brasil
./108.csv:1286973	Toyng	Lalaloopsy Espremedor - Toyng
./108.csv:2491882	Tramontina	ESPREMEDOR ALUMÍNIO TRAMONTINA 127V 69000-011
./108.csv:2491883	Tramontina	ESPREMEDOR ALUMÍNIO TRAMONTINA 220v 69000-012
./108.csv:2037322	Tramontina	Espremedor Branco e Verde Agile - Tramontina 25525-020
./108.csv:2351517	Tramontina	Espremedor Branco/Verde Agile - Tramontina
./108.csv:2037323	Tramontina	Espremedor Cinza e Laranja Agile - Tramontina 25525-040
./108.csv:2367760	Tramontina	Espremedor Cinza/Laranja Agile Tramontina
./108.csv:2469980	Tramontina	Espremedor de Alho Aço Inox Speciale Tramontina
./108.csv:2175247	Tramontina	Espremedor de Alho Aço Zamak Amarelo Utilitá Tramontina
./108.csv:2175248	Tramontina	Espremedor de Alho Aço Zamak Azul Utilitá Tramontina
./108.csv:2469981	Tramontina	Espremedor de Alho Aço Zamak Branco Utilitá Tramontina
./108.csv:2175249	Tramontina	Espremedor de Alho Aço Zamak Laranja Utilitá Tramontina
./108.csv:2175250	Tramontina	Espremedor de Alho Aço Zamak Preto Utilitá Tramontina
./108.csv:2175251	Tramontina	Espremedor de Alho Aço Zamak Púrpura Utilitá Tramontina
./108.csv:2468981	Tramontina	Espremedor de Alho Aço Zamak Verde Utilitá Tramontina
./108.csv:2468997	Tramontina	Espremedor de Alho Aço Zamak Vermelho Utilitá Tramontina
./108.csv:2037324	Tramontina	Espremedor de Alho Azul - Tramontina 25601-110
./108.csv:2037325	Tramontina	Espremedor de Alho Branco - Tramontina 25601-180
./108.csv:3423851	Tramontina	Espremedor de alho cabo branco Tramontina
./108.csv:3423854	Tramontina	Espremedor de alho cabo preto Tramontina
./108.csv:3423858	Tramontina	Espremedor de alho cabo vermelho Tramontina
./108.csv:3048160	Tramontina	Espremedor De Alho Em Aço Inox  Speciale
./108.csv:3432520	Tramontina	Espremedor de alho em aço inox Tramontina
./108.csv:2137428	Tramontina	Espremedor De Alho Em Aço Speciale 25700100 Tramontina
./108.csv:3376124	Tramontina	Espremedor de Alho Inox Tramontina Speciale 25700/100
./108.csv:3023017	Tramontina	Espremedor de alho inox utilita
./108.csv:1227328	Tramontina	Espremedor de Alho Inox Utilita 19 cm Prata
./108.csv:2312228	Tramontina	Espremedor De Alho Inox Utilita Vermelho
./108.csv:2037326	Tramontina	Espremedor de Alho Preto - Tramontina 25601-100
./108.csv:3048173	Tramontina	Espremedor de alho Utilita
./108.csv:2332403	Tramontina	Espremedor De Alho Utilità Aço Vermelho 25601170 Tramontina
./108.csv:1227922	Tramontina	Espremedor de Alho Utilita Inox e Preto 19 cm
./108.csv:2037327	Tramontina	Espremedor de Alho Vermelho - Tramontina 25601-170
./108.csv:2332404	Tramontina	Espremedor De Frutas 14 Cm Utility 61107140 Tramontina
./108.csv:2083315	Tramontina	Espremedor De Frutas Aço Inox 0.45L 61107141 Tramontina
./108.csv:2179912	Tramontina	Espremedor de Frutas Aço Inox Cosmos Tramontina
./108.csv:3363715	Tramontina	Espremedor de frutas elétrico em alumínio Express  Tramontina 110V
./108.csv:2285906	Tramontina	Espremedor de Frutas em AÇO INOX Cosmos 61107140 Tramontina
./108.csv:3423859	Tramontina	Espremedor de frutas em aço inox Utility Tramontina
./108.csv:3423860	Tramontina	Espremedor de frutas manual em aço inox 0 45 L Tramontina
./108.csv:1544322	Tramontina	Espremedor de Frutas Manual Inox Tramontina Cosmos
./108.csv:1954484	Tramontina	Espremedor de Frutas Tramontina Express 110W Prata - 110V
./108.csv:1956684	Tramontina	Espremedor de Frutas Tramontina Express 110W Prata - 220V
./108.csv:2908400	Tramontina	Espremedor Elétrico Inox Express Tramontina 69000 - 110V
./108.csv:2908402	Tramontina	Espremedor Elétrico Inox Express Tramontina 69000 - 220V
./108.csv:1846182	Tramontina	Espremedor Elétrico Inox Express Tramontina By Breville 110V
./108.csv:1846188	Tramontina	Espremedor Elétrico Inox Express Tramontina By Breville 220V
./108.csv:3154992	Tramontina	Espremedor Express 110 Inox 220  Tramontina
./108.csv:3156894	Tramontina	Espremedor Express 110w Inox 110v Tramontina
./108.csv:3046713	Tramontina	Espremedor Express Tramontina - 110V
./108.csv:3046695	Tramontina	Espremedor Express Tramontina - 220V
./108.csv:2707162	Tramontina	Espremedor Frutas Aco Inox Cosmos Tramontina
./108.csv:1233703	Tramontina	Espremedor Tramontina Laranja
./108.csv:1233705	Tramontina	Espremedor Tramontina Verde
./108.csv:2954175	Tramontina by Breville	Espremedor Express  Tramontina by Breville
./108.csv:2323920	TRAMONTINA CUTELARIA	Espremedor de Alho Inox Speciale 25 cm Prata Tramontina 25700100
./108.csv:2330428	TRAMONTINA CUTELARIA	Espremedor de Alho Utilita Inox Azul 17 cmTramontina 25601110
./108.csv:2323921	TRAMONTINA CUTELARIA	Espremedor de Alho Utilita Inox e Branco 17 cm Tramontina 25601180
./108.csv:2323922	TRAMONTINA CUTELARIA	Espremedor de Alho Utilita Inox e Preto 17 cm Tramontina 25601100
./108.csv:2330436	TRAMONTINA CUTELARIA	Espremedor de Alho Utilita Inox e Vermelho 17 cm Tramontina 25601170
./108.csv:2330429	TRAMONTINA CUTELARIA	Espremedor de Alho Utilita Inox Laranja 17 cm Tramontina 25601140
./108.csv:2330432	TRAMONTINA CUTELARIA	Espremedor de Alho Utilita Inox Lilás  17 cmTramontina 25601190
./108.csv:2330433	TRAMONTINA CUTELARIA	Espremedor de Alho Utilita Inox Verde 17 cm Tramontina 25601120
./108.csv:2363820	TRAMONTINA FARROUPILHA	Espremedor Frutas Inox - 61101130 - Tramontina FARROUPILHA
./108.csv:3047338	Tron	Espremedor de frutas master 200w tron - Bivolt
./108.csv:2063678	Tts	Balde de Plástico  Witty Junior com Capacidade para 32 Litros Azul com Espremedor e Divisória TTS
./108.csv:2063685	Tts	Balde de Plástico Witty Junior com Capacidade para 32 Litros Amarelo com Espremedor e Divisória TTS
./108.csv:2063691	Tts	Balde de Plástico Witty Júnior de 32 Litros Vermelho com Espremedor e Divisória TTS
./108.csv:2781374	Up Lar	Espremedor de Limão Manual Emborrachado
./108.csv:3006103	USIFAZ	Espremedor de Suco Industrial Inox 1 Litro Usifaz Bivolt
./108.csv:3006104	USIFAZ	Espremedor Industrial de Suco Grande Inox 1 Litro Usifaz Bivolt
./108.csv:3092036	USIFAZ	Espremedor Industrial de Suco Médio Inox 700 ml Usifaz Bivolt
./108.csv:2902182	USIFAZ	Espremedor Industrial de Suco Pequeno Inox 700 ml Usifaz Bivolt
./108.csv:2244710	UZ Utilidades	Espremedor de Frutas Plus Vermelho Sólido de Plástico
./108.csv:3334702	Vacu Vin	Garrafa Transparente com Espremedor de Frutas em Acrílico  Vacu Vin 30 5x10 cm
./108.csv:2781373	VEC	Espremedor de Frutas Elétrico 220V ES021 - Vec
./108.csv:1223073	Ventidelta	Espremedor  de Frutas Delta Suco Bivolt
./108.csv:906861	Ventidelta	Espremedor de Frutas 200 Watts Venti-Delta
./108.csv:3313505	Venti-Delta	Espremedor extrator de suco Venti Delta - Bivolt
./108.csv:2465074	Ventisol	EXTRATOR ESPREMEDOR DE SUCOS  FRUTAS E LARANJAS EM ALUMINIO PROFISSIONAL 300W VENTISOL AGRATTO BIVOLT
./108.csv:2442202	Viel	Espremedor para Legumes - Viel
./108.csv:2448875	Vonder	CARRO / BALDE PARA LIMPEZA COM ESPREMEDOR PARA VASSOURA 32 LITROS VONDER
./108.csv:2443856	Weck	Espremedor de Alho Branco - Weck
./108.csv:2442211	Weck	Espremedor de Batata Branco - Weck
./108.csv:2442205	Welf	Espremedor Em Bambu Utility 15cm -  Welf
./108.csv:3288123	Wincy	Espremedor De Batatas 25 cm Inox Wincy
./108.csv:3260948	Wincy	Espremedor De Frutas Manual Wincy > Laranja
./108.csv:3289298	Wincy	Espremedor De Frutas Manual Wincy Verde
./108.csv:3393874	WMF	Espremedor de Alho WMF Prata em Aco Inox com Revestimento Antiaderente
./108.csv:2334925	WMF	Espremedor De Batatas E Legumes Profi Plus Wmf
./108.csv:3083870	ZANELLA	Espremedor de Alho em Aço Inox Zanella
./108.csv:804768	Zeex	Espremedor de Frutas Citrus Plus CP-8602A Automático 750ML Zeex - 110V
./108.csv:2431101	Zeex	Espremedor de Frutas Zeex Citrus Plus - 220V
./108.csv:2408921	Zona Criativa	Copo Espremedor De Frutas de Bem Com a Vida
./108.csv:2711431	Zuk Pet	Balde Espremedor Pro Sem Pedal 8 Litros Cesto Giratorio Inox
./108.csv:3154748	ZWILLING	Espremedor de Alho 190 mm Twin Prof  Zwilling
./108.csv:3319705	ZWILLING	Espremedor De Alho Twin Prof Zwilling Inox 19cm
./108.csv:1442290	Zyliss	ESPREMEDOR DE ALHO SUSI 2 ZYLISS ALUMÍNIO
./108.csv:3319697	Zyliss	Espremedor De Alho Susi Zyliss Alumínio
./122.csv:1743119	Mondial	Espremedor de Frutas Mondial Turbo White Premium - 250W - Bivolt
./123.csv:217245200	Mondial	Kit Gourmet Red Premium Mondial - com Liquidificador   Batedeira   Espremedor - 110 Volts
./123.csv:86020400	Tramontina	Espremedor de Frutas Manual Inox - Tramontina Cosmos 61107/140
./123.csv:86059600	Tramontina	Espremedor de Alho Inox Tramontina - Speciale 25700/100
./124.csv:4815765	GS Internacional S.A.	Espremedor de Alho Colourworks em Inox Kitchen Craft - 17cm - Cor Vermelho carne
./127.csv:303969	Cadence	Espremedor Citro Plus ESP802 - Cadence
./127.csv:21987	Oster	Espremedor de Frutas Oster Preto
./128.csv:21801029	Mondial	Espremedor de Frutas Mondial E-02 Premium - Elétrico 30W 1,25L Automático Preto - 110 Volts
./128.csv:86246100	Mondial	Kit Gourmet Mondial com Liquidificador   Batedeira - Espremedor - 110 Volts
./128.csv:86246100	Mondial	Kit Gourmet Mondial com Liquidificador + Batedeira - Espremedor - 110 Volts
./128.csv:213458500	Spolu	Espremedor de Frutas Industrial Pocket - Spolu - 110 Volts
./128.csv:23001000	Britânia	Kit 3 em 1 Britânia com Liquidificador Batedeira - Espremedor - 110 Volts
./133.csv:217245200	Mondial	Kit Gourmet Red Premium Mondial - com Liquidificador + Batedeira + Espremedor
./133.csv:084238400	Spolu	Espremedor de Frutas Spolu Residencial SPL-004 - Tamanho Pequeno Inox 1L Automático
./133.csv:937154600	Spolu	Espremedor de Frutas Pocket em Aço Inox  SPL-99/SPL-100 - Spolu - 220V - Spolu
./133.csv:088890200	Tron	Espremedor de Frutas Automático Industrial Inox 1L - Tron 51.05-0001
./133.csv:088890000	Tron	Espremedor de Frutas Automático Industrial Inox 1L - Tron 51.05-0004
./133.csv:084238600	Spolu	Espremedor de Frutas Industrial Spolu SPL-006 - Inox Automático Grande
./133.csv:088889900	Tron	Espremedor de Frutas Automático Industrial Inox 1L - Tron 51.05-0002
./133.csv:213458500	Spolu	Espremedor de Frutas Industrial Pocket - Spolu
./133.csv:930137300	Cadence	Espremedor de Frutas Citro Plus - ESP100 - 220V - Cadence
./133.csv:930116800	Cadence	Espremedor de Frutas Juice Fresh - ESP101 - 220V - Cadence
./133.csv:947485300	Cadence	Espremedor de Frutas Citro Plus - ESP100 - 127V - Cadence
./133.csv:920482700	Cadence	Espremedor de Frutas Max Juice - 127V - Cadence
./133.csv:943458100	Cadence	Espremedor de Frutas Citro Plus - ESP802 - 220V - Cadence
./133.csv:910315800	Cadence	Espremedor de Frutas Juice Fresh 700ML Desmontável ESP100 Branco - Cadence - 110V - Cadence
./133.csv:930368900	Fischer	Espremedor de Frutas 1L Citrus Fischer Le Cheff Preto 13511 - 220V - Fischer
./133.csv:949369600	Black  Decker	Espremedor de Frutas CJ Inox Black  Decker com Alça Exclusiva - 220V - Black  Decker
./133.csv:200649400	Arno	Espremedor de Frutas Arno PA32 Elétrico 70W - 1 25 Litros Automático Preto
./133.csv:949582700	Oster	Espremedor de Frutas com Capacidade de 500ml Preto 4176 Oster - 220V - Oster
./133.csv:214807900	Tramontina	Espremedor de Frutas Tramontina By Breville - Express Elétrico Inox 110W Alumínio
./133.csv:216527300	Britânia	Espremedor de Frutas Britânia Bellagio Maxx 35W - 1 5L Vermelho
./133.csv:941047500	Hamilton Beach	Espremedor de Frutas Freshmix Preto 66333 - Hamilton Beach - 110V - Hamilton Beach
./133.csv:200237600	Cadence	Espremedor de Frutas Cadence Max Juice ESP801 - Elétrico Inox 42W 1 2 Litros Automático Preto
./133.csv:937524600	Black  Decker	Espremedor de Frutas Jarra de 1 Litro CJ 650 Black  Decker - 220V - Black  Decker
./133.csv:216974300	Mondial	Espremedor de Frutas Mondial Red Premium E-23 - 30W 1 25L Vermelho
./133.csv:210338700	Hamilton Beach	Espremedor de Frutas Hamilton Beach Freshmix - Elétrico 30W 450ml Automático Preto
./133.csv:934753800	Hamilton Beach	Espremedor de Frutas Freshmix Preto 66333 - Hamilton Beach - 220V - Hamilton Beach
./133.csv:911244900	Oster	Espremedor de Frutas com Capacidade de 500ml Preto 4176 Oster - 110V - Oster
./133.csv:935402600	Loren Sid	Espremedor de Frutas Extrasuk Requinte Preto 2528 - Loren Sid - Loren Sid
./133.csv:919377200	Loren Sid	Espremedor de Frutas Extrasuk Requinte Vermelho 2249 - Loren Sid - Loren Sid
./133.csv:023001000	Britânia	Kit 3 em 1 Britânia com Liquidificador Batedeira - Espremedor
./133.csv:216974500	Mondial	Espremedor/Extrator de Frutas Mondial - Red Premium E-24 250W 1 25L Vermelho
./133.csv:942998300	Arge	Espremedor de Frutas Starmix Inox 5001 Bivolt - Arge - Arge
./133.csv:086246100	Mondial	Kit Gourmet Mondial com Liquidificador + Batedeira - Espremedor
./133.csv:021801029	Mondial	Espremedor de Frutas Mondial E-02 Premium - Elétrico 30W 1 25L Automático Preto - 110 Volts
./133.csv:204480300	Cadence	Espremedor de Frutas Cadence Citro Plus Elétrico - 85W Automático Preto e Prata
./133.csv:204491800	Fischer	Espremedor de Frutas Fischer Le Cheff 13511-15415 - Elétrico Inox 30W 1 Litro Automático Preto
./133.csv:088708700	Oster	Espremedor de Frutas Oster 4176-017 Elétrico 75W - 500ml Automático Preto
./133.csv:021801129	Mondial	Espremedor de Frutas Mondial E-02 Premium - Elétrico 30W 1 25L Automático Preto - 220 Volts
./133.csv:931322200	Loren Sid	Espremedor de Frutas Extrasuk Hiper Profissional 241 Bivolt - Loren Sid - Loren Sid
./133.csv:932344700	Fullcircle	Garrafa c/ Spray e Espremedor com pano p/ limpeza - FULLCIRCLE
./133.csv:934603500	Takeya	Jarra com Tampa Hermética e Espremedor 750 ml Takeya - Takeya
./133.csv:933150400	Prana	Esmagador e Espremedor de Limão Prana - Prana
./133.csv:939695700	Marcamix	Espremedor Para Limão de Inox - Gourmet Mix - Marcamix
./133.csv:940482200	Marcamix	Espremedor de Alho  Quebra Nozes Inox - Gourmet Mix - Marcamix
./133.csv:911527400	Tramontina	Espremedor de Alho Inox Tramontina Utilitá 25601/170 Vermelho - Tramontina
./133.csv:929834400	Tramontina	Espremedor de Alumínio Tramontina by Breville Express 69000/012 220V - Tramontina
./133.csv:914977900	Tramontina	Espremedor de Alho Inox Tramontina Utilitá 25601/100 Preto - Tramontina
./133.csv:086059200	Tramontina	Espremedor de Alho Tramontina - 25601/180
./133.csv:086020400	Tramontina	Espremedor de Frutas Inox Tramontina - 61107/140
./133.csv:086020500	Tramontina	Espremedor de Frutas Inox Tramontina - Cosmos 61107/141
./133.csv:204519300	Ghidini	Espremedor de Limão Inox Ghidini - 13031320
./133.csv:938658900	Brinox	Espremedor de Frutas Process Polipropileno 2156/102 - Brinox - Brinox
./133.csv:948651200	Kitchen Craft	Espremedor de Alho Colourworks Aço Inox Azul Kitchen Craft - Kitchen Craft
./133.csv:937357000	Chefn	Espremedor de Alho Freshforce Chefn - Chefn
./133.csv:086049300	Ghidini	Espremedor de Alho Ghidini - Acea
./133.csv:088021200	Brinox	Espremedor de Alho Inox Brinox - Top Pratic 2202/346
./133.csv:922447200	Vacu Vin	GARRAFA DE ACRÍLICO COM ESPREMEDOR DE FRUTAS - VACU VIN
./133.csv:911770200	Hudson	ESPREMEDOR DE BATATA DE INOX - HUDSON
./133.csv:914346400	Hudson	ESPREMEDOR DE ALHO - HUDSON
./134.csv:210566	Arge	Espremedor de Frutas Starmix Inox 160W Bivolt - Arge - Voltagem Bivolt
./134.csv:210567	Arge	Espremedor de Frutas Supremix Inox 250w Bivolt - Arge - Voltagem Bivolt
./134.csv:193594	Spolu	Espremedor de Suco Residencial Pequeno com 200W de Potência e Corpo em Inox Bivolt SPL-004 - Spolu - Voltagem Bivolt
./134.csv:658375	Britânia	Espremedor de Frutas Citrus Turbo com 85w de Potência  Jarra com 1 5L de Capacidade e 2 Cones para Extração Preto - Britânia - Voltagem 110 V
./134.csv:334233	Cadence	Espremedor Citro Plus com 85W de Potência e 2 cones com Espalhador de Bagaços Inox - Cadence - Voltagem 110 V
./134.csv:658376	Britânia	Espremedor de Frutas Citrus Turbo com 85w de Potência  Jarra com 1 5L de Capacidade e 2 Cones para Extração Preto - Britânia - Voltagem 220 V
./134.csv:334234	Cadence	Espremedor Citro Plus com 85W de Potência e 2 cones com Espalhador de Bagaços Inox - Cadence - Voltagem 220 V
./134.csv:193596	Spolu	Espremedor de Suco Industrial Grande com 400W de Potência e Corpo em Inox Bivolt SPL-007 - Spolu - Voltagem Bivolt
./134.csv:597510	Multikids Baby	Aquecedor e Esterelizador de Mamadeira Elétrico e Espremedor de Suco 110V 3 Em 1 Multikids Baby - Voltagem 110 V
./134.csv:169497	Brinox	Espremedor De Alho Verona - Brinox
./134.csv:16515	Brinox	Espremedor de Alho Quebra Nozes Top Pratic 16Cm - Brinox
./134.csv:188942	Tramontina	Espremedor de Frutas Multiuso  Jarra com Capacidade para 400ml ' Garante Máxima Extração do Suco da Polpa ' Agile  Branco e Verde - Tramontina - Escolha a Cor Verde
./134.csv:319919	Nigro	Espremedor Nigro para Batatas e Nhoque com Caixa
./134.csv:16431	Brinox	Espremedor de Limão Inox Suprema - Brinox
./134.csv:169507	Brinox	Espremedor de Limão Verona - Brinox 2188/319
./134.csv:188943	Tramontina	Espremedor de Frutas Multiuso  Jarra com Capacidade para 400ml ' Garante Máxima Extração do Suco da Polpa ' Agile  Preto e Laranja - Tramontina - Escolha a Cor Laranja
./135.csv:CU203AC41DDEMOB-384494	Cuisinart	Espremedor de Cítricos Cuisinart - CCJ-50BRB - Em aço escovado - 127V - Único
./135.csv:DI674AC28RJRMOB-65579	Dinox	Espremedor De Limão Dinox - Única
./135.csv:DI674AC29RJQMOB-65578	Dinox	Espremedor De Alho Dinox - Única
./135.csv:DI674AC27RJSMOB-65580	Dinox	Espremedor De Batatas E Legumes Dinox - Única
./135.csv:BL342AC23MDSMOB-327300	Black&Decker	Espremedor de Frutas Black and Decker CJ Inox-220v - ÚNICO
./135.csv:MO553AC72ATNMOB-343677	Mondial	Espremedor De Frutas Mondial Premium E-02-110v - ÚNICO
./135.csv:LE276AC89NWGMOB-339109	Lenoxx	Espremedor de Frutas Pratic 750ml Lenoxx - 220V - Único
./135.csv:LE276AC07NVOMOB-339091	Lenoxx	Espremedor de Frutas Pratic 750ml Lenoxx - 127V - Único
./135.csv:LE276HI99NVWMOB-339099	Lenoxx	Multiprocessador Pro 800 Espremedor e Liquidificador Lenoxx - 127V - Único
./135.csv:LE276HI65NXEMOB-339133	Lenoxx	Multiprocessador Pro 800 Espremedor e Liquidificador Lenoxx - 220V - Único
./135.csv:PR431AC22MDTMOB-327301	Arno	Espremedor Citrus Power 1.25 Litros 70W - Pa32-220v - ÚNICO
./135.csv:LE276AC76TDJMOB-314763	Lenoxx	Espremedor de Frutas Lenoxx Pratic 750ml 127v - único
./135.csv:PR431AC58VONMOB-329936	Arno	Espremedor Citrus Power 1.25 Litros 70W - Pa32-110v - ÚNICO
./135.csv:BL342AC20MDVMOB-327303	Black&Decker	Espremedor de Frutas Black and Decker CJ650 1 Litro -220v - ÚNICO
./135.csv:BR495AC19MDWMOB-327304	Britânia	Espremedor de Frutas Britânia Bellagio Maxx 1 5 Litros  35W-110v - ÚNICO
./135.csv:BR495AC18MDXMOB-327305	Britânia	Espremedor de Frutas Britânia Bellagio Maxx 1 5 Litros  35W-220v - ÚNICO
./135.csv:BL342AC24MDRMOB-327299	Black&Decker	Espremedor de Frutas Black and Decker CJ Inox-110v - ÚNICO
./135.csv:TR103AC01HMKMOB-335683	Tramontina	Espremedor Frutas Express 220v Tramontina - único
./135.csv:LE276AC77TDIMOB-314762	Lenoxx	Espremedor de Frutas Lenoxx Pratic 750ml 220v - único
./135.csv:TR103AC02HMJMOB-335682	Tramontina	Espremedor Frutas Express 127v Tramontina - único
./135.csv:LY619AC89DXYMOB-181935	Lyor	Espremedor De Alho De Silicone 16 Cm Rosa - Único
./135.csv:TR103AC60NJJMOB-151765	Tramontina	Espremedor Frutas Aço Inox Cosmos Tramontina - Único
./135.csv:CU203CL59LRCMOB-187180	Cuisinart	Espremedor de Cítricos Cuisinart - CCJ-50BRB - Em aço escovado - 220V - Aço Escovado
./135.csv:LY619AC88DXZMOB-181936	Lyor	Espremedor De Alho De Silicone 16 Cm Verde - Único
./135.csv:BR404AC00VBFMOB-379016	Brandani Brasil	Espremedor Citrinos Metal Cromado Alto - Brandani - Único
./135.csv:BR013AC32GID-4896	Brinox	Espremedor de Limão Verona Verde 25 cm - Único
./135.csv:TR103AC63MGQ-44283	Tramontina	Espremedor de Alho Utilita Inox e Preto 19 cm - Único
./135.csv:TR103AC02MFD-44244	Tramontina	Espremedor Frutas Cosmos Inox 15 cm - Único
./135.csv:GO935AC39QGIMOB-100348	Marcamix	Espremedor De Alho Plus Inox Gourmet Mix
./135.csv:TR103AC84IPJMOB-148503	Tramontina	Espremedor de Alho Inox Speciale  Prata Tramontina - Único
./135.csv:OU165AC33HJUMOB-94276	Ou	Espremedor de Frutas OU Vitra Preto 850ml - Único
./135.csv:OU165AC35HJSMOB-94274	Ou	Espremedor de Frutas OU Colors Branco 850ml - Único
./135.csv:MI132AC64FILMOB-200833	Mimo Style	Espremedor de Limão - Cores Sortidas - Único
./135.csv:MI132AC09FCWMOB-200688	Mimo Style	Espremedor de Batatas - Inox - Único
./135.csv:MI132AC55FMQMOB-200942	Mimo Style	Espremedor de Alho Moderno - Único
./135.csv:CL401AC62ZSJMOB-196815	Classhome	Espremedor De Frutas - Único
./135.csv:MI132AC29FRMMOB-201068	Mimo Style	Espremedor de Alho - Inox - Único
./135.csv:BR013AC53GRMMOB-201819	Brinox	Espremedor de Frutas Process Brinox - Vermelho - Único
./135.csv:BR013AC94IZLMOB-203393	Brinox	Espremedor de Limão Suprema Brinox - Único
./135.csv:OU165AC38LEV-8186	Ou	Espremedor de Frutas Vitra Vermelha - Único
./135.csv:OU165AC41LES-8183	Ou	Espremedor de Frutas Citro Neutra - Único
./135.csv:WE048AC96MEXMOB-259382	Weck	Espremedor de Batata Verde - Único
./135.csv:WE048AC03MEQMOB-259375	Weck	Espremedor de Limão Verde - Único
./135.csv:TR103AC79BVW-19654	Tramontina	Espremedor de Alho Inox Utilita 19 cm Prata - Único
./135.csv:HE175AC27MZK-9396	Hércules	Espremedor Alho Hércules 26 cm Preto - Único
./135.csv:CA380AC91NKUMOB-277938	Cadence	Espremedor de Frutas Cadence Citro Plus ESP802 - Preto - 110V
./135.csv:MO553AC18NNPMOB-278025	Mondial	Espremedor de Frutas Mondial Turbo White Premium - 250W - Bivolt - Único
./135.csv:TR103AC18HUVMOB-147969	Tramontina	Espremedor De Alho Inox Utilita Vermelho - Único
./135.csv:OU165AC34HJTMOB-94275	Ou	Espremedor de Frutas OU Colors Preto 850ml - Único
./135.csv:TR103AC19ADKMOB-301452	Tramontina	Espremedor de Frutas Tramontina Cosmos 61107140 - Único
./135.csv:BR013AC80VIXMOB-316314	Brinox	Espremedor de Alho Brinox Top Pratic 2202/346 em Aço Inox - Único
./135.csv:EU281AC29VHAMOB-316250	Euro Home	Espremedor de Alho Euro Home Inox - Único
./135.csv:ME174AC27VHCMOB-316252	Metaltru	Espremedor Metaltru Citrus - Branco
./135.csv:ME174AC27VHCMOB-316255	Metaltru	Espremedor Metaltru Citrus - Verde
./135.csv:MO553HI35QKUMOB-329435	Mondial	Multiprocessador Mondial Full Kitchen Premium 3 em 1 Processador  Liquidificador e Espremedor NMP-08 - Preto/Inox - 500W - 220V
./135.csv:MO553HI35QKUMOB-329434	Mondial	Multiprocessador Mondial Full Kitchen Premium 3 em 1 Processador  Liquidificador e Espremedor NMP-08 - Preto/Inox - 500W - 110V
./135.csv:VE871AC38ECZMOB-92032	Venti-Delta	Espremedor  de Frutas Delta Suco Bivolt - Único
./135.csv:MO553HI09PDEMOB-328528	Mondial	Espremedor de Frutas Mondial Turbo Citrus E-01 - 110V
./135.csv:MO553HI09PDEMOB-328527	Mondial	Espremedor de Frutas Mondial Turbo Citrus E-01 - 220V
./135.csv:EU281AC66VJLMOB-316328	Euro Home	Espremedor de Alho e Quebra-Nozes Euro Dolce Vitta ZR2013 em Inox e Plástico - Único
./135.csv:MO553HI62QCBMOB-329168	Mondial	Conjunto Especial Mondial Pratic Duo I (Espremedor E-02 + Liquidificador Power 2 Black L-28) - 110v
./135.csv:MO553HI62QCBMOB-329166	Mondial	Conjunto Especial Mondial Pratic Duo I (Espremedor E-02 + Liquidificador Power 2 Black L-28) - 220v
./135.csv:BR013AC69VJIMOB-316325	Brinox	Espremedor de Batatas Brinox Suprema 2094/100 em Aço Inox - Único
./135.csv:GS548AC70VJHMOB-316324	GS Internacional	Espremedor de Alho Colourworks em Inox Kitchen Craft - 17cm - Verde
./135.csv:GS548AC70VJHMOB-318989	GS Internacional	Espremedor de Alho Colourworks em Inox Kitchen Craft - 17cm - Azul
./135.csv:GS548AC70VJHMOB-338297	GS Internacional	Espremedor de Alho Colourworks em Inox Kitchen Craft - 17cm - Laranja
./135.csv:BL342AC74NGNMOB-328067	Black&Decker	Espremedor de Frutas Black & Decker CJ650 220v - único
./135.csv:BL342AC77NCOMOB-327965	Black&Decker	Espremedor de Frutas Black & Decker CJ650 127v - único
./135.csv:CO859AC76DPJMOB-352396	Colombo	Espremedor De Suco Médio Bivolt - único
./135.csv:CA380HI45UAGMOB-67414	Cadence	Espremedor de Frutas Cadence Citro Plus Inox 85W - 110 V
./135.csv:CA380HI45UAGMOB-67415	Cadence	Espremedor de Frutas Cadence Citro Plus Inox 85W - 220 V
./135.csv:CA380AC39NUYMOB-63133	Cadence	Espremedor De Frutas Cadence Max Juicer 42W - Única
./135.csv:BL342AC93YLU-34952	Black&Decker	Espremedor De Frutas 700 ml 220V CJ650 - 24x17x17
./135.csv:TR383AC82IANMOB-355107	Tramontina by Breville	Espremedor Express - Tramontina By Breville-220 Volts
./135.csv:TR383AC82IANMOB-355106	Tramontina by Breville	Espremedor Express - Tramontina By Breville-220 Volts - 127 Volts
./135.csv:CO859AC77DPIMOB-352395	Colombo	Espremedor De Suco Pequeno Bivolt - único
./135.csv:CA380AC41VSS-33104	Cadence	Espremedor Max Juicer 127 V Prata 1 2 L 42W - Único
./135.csv:MO553AC02UJXMOB-347459	Mondial	Espremedor De Frutas Mondial Premium E-02-220v - ÚNICO
./135.csv:HE175AC74VTPMOB-348229	Hércules	Espremedor Frutas Inox 300Ml / Uc37 - Único
./135.csv:HE175AC75WBGMOB-348428	Hércules	Espremedor Alho Pto Hercules / Ut102-001 - Único
./135.csv:HE175AC69VTUMOB-348234	Hércules	Espremedor Limao 15Cm Inox / El10 - Único
./135.csv:HE175AC94WMBMOB-348709	Hércules	Espremedor Suco Hercules / Utp75 - Único
./135.csv:HE175AC26WKVMOB-348677	Hércules	Espremedor Alho 19 8Cm / Ut84-012 - Único
./135.csv:RI005AC45WVQMOB-348958	Ricaelle	Espremedor De Laranja Amarelo / 185Amp - Único
./135.csv:RI005AC42WVTMOB-348961	Ricaelle	Espremedor De Laranja Azul / 185Azp - Único
./135.csv:RI005AC38WVXMOB-348965	Ricaelle	Espremedor De Laranja Verde / 185Vdp - Único
./135.csv:HE175AC24WWLMOB-348979	Hércules	Espremedor Limao Silicone / Slc215 - Único
./135.csv:VE871AC88AYPMOB-365539	Venti-Delta	Espremedor de Frutas Bivolt - 32 x 19 cm - Único
./135.csv:LY619AC87DYAMOB-181937	Lyor	Espremedor De Alho De Silicone 16 Cm Amarelo - Único
./135.csv:MO553AC56FFRMOB-286700	Mondial	Espremedor de Frutas Mondial Premium E-02 - 110V
./135.csv:RA735AC97ECKMOB-199984	Rayen	Espremedor De Alhos - Único
./135.csv:HE175AC99EMAMOB-163860	Hércules	Espremedor Limão 15Cm Inox - Único
./135.csv:HE175AC26MZL-9397	Hércules	Espremedor de Batata 10 cm Inox - Único
./135.csv:MA870AC93NKSMOB-277935	Mallory	Espremedor Mallory Fruits 2x1 Jarra com Capacidade de 1 4L Branco - 220V
./135.csv:WE048AC81MFMMOB-259397	Weck	Espremedor Alho Plus Branco - Único
./135.csv:RI005AC28VHBMOB-316251	Ricaelle	Espremedor de Batatas Ricaelle Hauskraft  Inox - Único
./135.csv:OS397AC95MXCMOB-310545	Oster	Espremedor de Frutas 127V - Oster - único
./135.csv:BR630AC41KMOMOB-371869		Espremedor Express Breville Aluminio 110V - ...
./135.csv:BR630AC97KOGMOB-371913		Espremedor Express Breville Aluminio 220V - ...
./135.csv:JA040AC07KGEMOB-371703	Jamie Oliver	Espremedor Fatiador De Alho Jamie Oliver Prata - ...
./135.csv:HE175AC79VTKMOB-348224	Hércules	Espremedor Limao / Uc36 - Único
./135.csv:JO435AC85LAGMOB-372225	Joseph Joseph	Espremedor De Frutas Manual Catcher Joseph Joseph Cinza - ...
./135.csv:JO435AC12KVJMOB-372098	Joseph Joseph	Espremedor De Alho Easy Press Joseph Joseph Verde - ...
./135.csv:JO435AC11KVKMOB-372099	Joseph Joseph	Espremedor De Alho Easy Press Joseph Joseph Cinza - ...
./136.csv:281481	Electrolux	Espremedor de Frutas Electrolux JPE11 Preto
./136.csv:3418842	Mondial	Espremedor de Frutas Mondial Premium E-23 1,25 Litro 30W Vermelho - 110V
./136.csv:3418843	Mondial	Espremedor de Frutas Mondial Premium E-23 1,25 Litro 30W Vermelho - 220V
./136.csv:3047346	Mondial	Espremedor de Frutas Turbo Premium Inox 250W E-10 Bivolt - Mondial
./137.csv:2056362	Chef´n	Espremedor Manual De Suco Juicester Chef'n
./143.csv:216974300	mondial	Espremedor de Frutas Mondial Red Premium E-23 - 30W 1,25L Vermelho - 110 Volts
./146.csv:ARPA32_110	Arno	Espremedor de Frutas Citrus Power Arno com 1 2L de Capacidade e Jarra Transparente - PA32 - ARPA32 - Voltagem_110V
./146.csv:ARPA32_220	Arno	Espremedor de Frutas Citrus Power Arno com 1 2L de Capacidade e Jarra Transparente - PA32 - ARPA32 - Voltagem_220V
./146.csv:3657	Cuisinart	Espremedor de Cítricos Cuisinart em Aço Escovado - CCJ-210BR - 3657 - Voltagem_110V
./146.csv:CUCC500IX1	Cuisinart	Espremedor de Frutas Citrus Cuisinart com Velocidade 60 Hz - CCJ50 - CUCC500IX - Voltagem_110V
./146.csv:CUCC500IX2	Cuisinart	Espremedor de Frutas Citrus Cuisinart com Velocidade 60 Hz - CCJ50 - CUCC500IX - Voltagem_220V
./146.csv:5556	Kenwood	Kit Moedor  Espremedor e Fatiador em Aco Inox - Kenwood - 5556
./146.csv:TR6900001PTA1	Tramontina	Espremedor de Frutas Express Tramontina - 690000 - TR6900001PTA - Voltagem_110V
./146.csv:TR6900001PTA2	Tramontina	Espremedor de Frutas Express Tramontina - 690000 - TR6900001PTA - Voltagem_220V
./146.csv:1897		Espremedor de Alho em Aço Inox Wings - WMF - 1897
./146.csv:1911		Espremedor de Alho em Alumínio Susi - Zyliss - 1911
./146.csv:H366333BZPTS1		Espremedor de Frutas Hamilton Beach FreshMix com Potência 30W e Jarra para 0 6 Litros - 66333BZ - H366333BZPTS - Voltagem_110V
./146.csv:H366333BZPTS2		Espremedor de Frutas Hamilton Beach FreshMix com Potência 30W e Jarra para 0 6 Litros - 66333BZ - H366333BZPTS - Voltagem_220V
./146.csv:2JJJREAM010CNY		Espremedor de Frutas Manual Cinza e Amarelo - Joseph Joseph - 2JJJREAM010CNY
./146.csv:OSFPSTJU41PTS1		Espremedor de Frutas Oster 75W de Potência e Jarra de 500 ml - FPSTJU4176 - OSFPSTJU41PTS - Voltagem_110V
./146.csv:OSFPSTJU41PTS2		Espremedor de Frutas Oster 75W de Potência e Jarra de 500 ml - FPSTJU4176 - OSFPSTJU41PTS - Voltagem_220V
./146.csv:123		Espremedor e Fatiador de Alho em Aço Inox - Jamie Oliver - 123
./146.csv:159		Espremedor para Batata em Aço Inox - Oxo - 159
"./26.csv:""3657"""	Cuisinart	Espremedor de Cítricos Cuisinart em Aço Escovado - CCJ-210BR - 3657 - Voltagem: 110V
"./26.csv:""ARPA32_110"""	Arno	Espremedor de Frutas Citrus Power Arno com 1,2L de Capacidade e Jarra Transparente - PA32 - ARPA32 - Voltagem: 110V
"./26.csv:""ARPA32_220"""	Arno	Espremedor de Frutas Citrus Power Arno com 1,2L de Capacidade e Jarra Transparente - PA32 - ARPA32 - Voltagem: 220V
"./26.csv:""CUCC500IX1"""	Cuisinart	Espremedor de Frutas Citrus Cuisinart com Velocidade 60 Hz - CCJ50 - CUCC500IX - Voltagem: 110V
"./26.csv:""CUCC500IX2"""	Cuisinart	Espremedor de Frutas Citrus Cuisinart com Velocidade 60 Hz - CCJ50 - CUCC500IX - Voltagem: 220V
"./26.csv:""H366333BZPTS1"""	Hamilton Beach	Espremedor de Frutas Hamilton Beach FreshMix com Potência 30W e Jarra para 0,6 Litros - 66333BZ - H366333BZPTS - Voltagem: 110V
"./26.csv:""H366333BZPTS2"""	Hamilton Beach	Espremedor de Frutas Hamilton Beach FreshMix com Potência 30W e Jarra para 0,6 Litros - 66333BZ - H366333BZPTS - Voltagem: 220V
"./26.csv:""OSFPSTJU41PTS1"""	Oster	Espremedor de Frutas Oster 75W de Potência e Jarra de 500 ml - FPSTJU4176 - OSFPSTJU41PTS - Voltagem: 110V
"./26.csv:""OSFPSTJU41PTS2"""	Oster	Espremedor de Frutas Oster 75W de Potência e Jarra de 500 ml - FPSTJU4176 - OSFPSTJU41PTS - Voltagem: 220V
"./26.csv:""TR6900001PTA1"""	Tramontina	Espremedor de Frutas Express Tramontina - 690000 - TR6900001PTA - Voltagem: 110V
"./26.csv:""TR6900001PTA2"""	Tramontina	Espremedor de Frutas Express Tramontina - 690000 - TR6900001PTA - Voltagem: 220V
./28.csv:578801	Britania	Espremedor de Frutas Britânia Bellagio Maxx 1 5 Litros  35W - Cor - Preto | 110V
./28.csv:578802	Britania	Espremedor de Frutas Britânia Bellagio Maxx 1 5 Litros  35W - Cor - Preto | 220V
./28.csv:533705	Mondial	Espremedor de frutas Pro Mondial  250W de potência  em Aço Inox - E10 - Cor - Preto | BIVOLT
./28.csv:533257	Tramontina	Espremedor de frutas aço inox 61107/140 - Tramontina
./28.csv:594160	Brinox	Espremedor de Frutas Brinox Process  Multiuso - 2156/102 - Cor - Vermelho/Branco
"./2.csv:""BL342AC21MDUMOB-327302"""	Black&Decker	Espremedor de Frutas Black and Decker CJ650 1 Litro -110v - ÚNICO
"./2.csv:""BR495AC48FFZMOB-286708"""	Britânia	Espremedor de Frutas Britânia Bellagio Maxx 20W 1 25L - Preto - 110V
"./2.csv:""CA380AC21RUSMOB-394418"""	Cadence	Espremedor De Frutas Max Juice Cadence Aço Inox Preto 220V - Único
"./2.csv:""CA380AC92RVVMOB-394447"""	Cadence	Espremedor De Frutas Citro Plus Cadence Aço Inox Preto 220V - Único
"./2.csv:""CA380AC93RVUMOB-394446"""	Cadence	Espremedor De Frutas Citro Plus Cadence Aço Inox Preto 110V - Único
"./2.csv:""CA380AC94RVTMOB-394445"""	Cadence	Espremedor De Frutas Max Juice Cadence Aço Inox Preto 110V - Único
"./2.csv:""LE276AC07NVOMOB-339091"""	Lenoxx	Espremedor De Frutas Pratic 25W 127V - Único
"./2.csv:""LE276AC89NWGMOB-339109"""	Lenoxx	Espremedor De Frutas Pratic 25W 220V - Único
"./2.csv:""LO925AC15MUEMOB-391028"""	Lojas Carisma	Espremedor de Limão em Inox Portatil 8X6 5cm - Único
"./2.csv:""MA870AC93NKSMOB-277935"""	Mallory	Espremedor Mallory Fruits 2x1 Jarra com Capacidade de 1 4L? Branco - 220V
"./2.csv:""MO553HI62QCBMOB-329166"""	Mondial	Conjunto Especial Mondial Pratic Duo I (Espremedor E-02   Liquidificador Power 2 Black L-28) - 220v
"./2.csv:""MO553HI62QCBMOB-329168"""	Mondial	Conjunto Especial Mondial Pratic Duo I (Espremedor E-02   Liquidificador Power 2 Black L-28) - 110v
"./2.csv:""RI005AC28VHBMOB-316251"""	Ricaelle	Espremedor de Batatas Ricaelle Hauskraft ? Inox - Único
"./2.csv:""SI680AC75RSQMOB-394364"""	Siliconezone	Espremedor De Limão Siliconezone Amarelo - Único
"./2.csv:""ST998AC66MGRMOB-390669"""	Starmix	Espremedor De Frutas Starmix Inox - 3540 5001 - Bivolt - Único
"./2.csv:""TR223AC03NKIMOB-277922"""	Tron	Espremedor de Frutas Industrial Tron Master 51050002 Bivolt Inox com Tampa em Aluminio - 200 W - Único
"./2.csv:""VE871AC02NKJMOB-277923"""	Venti-Delta	Espremedor de Frutas Venti-Delta 85-0003 200w Inox - Bivolt - Único
"./2.csv:""ZY117AC85WVYMOB-380239"""	Zyliss	Espremedor De Alho Susi Zyliss Alumínio - Único
./34.csv:3538812	Bralimpia	Carro Funcional América com Suporte de Fixação e Baldes Espremedores Bralimpia Bolsa Amarela
./34.csv:3538816	Bralimpia	Carro Funcional América com Suporte de Fixação e Baldes Espremedores Bralimpia Bolsa Vermelha
./34.csv:3538815	Bralimpia	Carro Funcional América com Suporte de Fixação e Baldes Espremedores Bralimpia Bolsa Verde
./34.csv:3538813	Bralimpia	Carro Funcional América com Suporte de Fixação e Baldes Espremedores Bralimpia Bolsa Azul
./34.csv:3667105	Brinox Metelúrgica LTDA	Espremedor de limão verona cód. 6825
./34.csv:3681637	Black Bull	Esfregão Mop De Limpeza com Espremedor
./34.csv:2056359	Chef´n	Espremedor De Alho Hermético Garlicmachine Chef´N
./34.csv:3549269	Tramontina	Espremedor De Alho Utilità Aço Inox 25601100 Tramontina
./34.csv:3260953	Hércules	Espremedor de Limão em Inox Hercules UC36
./34.csv:2216681	Hudson	Espremedor De Alho Nirosta
./34.csv:1383864	Hudson	Espremedor de Limão
./34.csv:1233252	Brinox	Espremedor de Frutas Verona
./34.csv:1232103	Black & Decker	Espremedor de Frutas 1L Branco Black & Decker - 127V
./34.csv:1227744	Suggar	Espremedor Suggar Max Fruit 220V EF6602BR
./34.csv:1545190	Barbie	Kit Mini Chef Barbie Espremedor e Bebedouro Líder
./34.csv:1227632	Black & Decker	Espremedor De Frutas 700 ml 220V CJ650
./34.csv:138754	Euro Home	Espremedor de Alho - Euro Home
./34.csv:1272850	Mimo Style	Espremedor de Limão Day By Day Verde
./34.csv:2216682	Joseph Joseph	Espremedor De Frutas Manual Catcher Cinza
./34.csv:3561043	Importada/Clink	Kit Bag para Assar Batatas + Espremedor de Batatas Inox
./34.csv:3668514	BRITANIA ( PORTATEIS )	Espremedor de  Frutas Britania Bellagio 35W
./34.csv:3681298	DAK	Espremedor de Batatas Pequeno
./34.csv:3672945	Brinox Metelúrgica LTDA	Espremedor alho quebra nozes top pratic cód 6658
./34.csv:3659753	Tramontina	Espremedor Express Tramontina 69000/012 Aluminio
./34.csv:3667187	Brinox Metelúrgica LTDA	Espremedor de limão suprema cód. 6643
./34.csv:3233697	Brinox	espremedor de frutas multiuso process 2156 102  brinox
./34.csv:3599414	Mallory	Espremedor Citromax 110V Mallory
./34.csv:3521108	Bralimpia	Balde Espremedor para MOP Úmido Doblô 30 Litros Verde NY110 Bralimpia
./34.csv:1286877	Xalingo	Espremedor de Fruta Casinha Flor - Xalingo
./34.csv:3689142	Black & Decker	espremedor de frutas em inox black & decker
./34.csv:3686608	Fundiferro	Espremedor de Frutas Grande FE003 Inox
./34.csv:3605079	Mallory	Espremedor Fruits 2 em 1 110V Mallory
./34.csv:3689358	Black & Decker	espremedor de frutas em inox  black & decker
./34.csv:3686642	Fundiferro	Espremedor de Frutas Residencial Médio ESC-G
./34.csv:3651699	BRITANIA ( PORTATEIS )	Espremedor de Frutas Britania Bellagio 35W
./34.csv:3560998	Euro Home	Espremedor De Frutas Multiuso Inox IN1318 Euro Home
./34.csv:3585882	Tramontina	Espremedor De Alho Branco Utilità Tramontina
./34.csv:3571771	Juicer	Cortador e Espremedor Frutas e Legumes
./34.csv:34853	Mondial	Conjunto Especial Gourmet KT-25 - Mondial com Liquidificador  Batedeira e Espremedor - 110V
./34.csv:34854	Mondial	Conjunto Especial Gourmet KT-25 - Mondial com Liquidificador  Batedeira e Espremedor - 220V
./34.csv:2016441	Fischer	Espremedor De Frutas Citrus Fischer Le Cheff Preto - Bivolt
./34.csv:3605083	Mallory	Espremedor Fruits 2 em 1 220V Mallory
./34.csv:3585887	Tramontina	Espremedor De Alho Preto Utilità Tramontina
./34.csv:3600131	Lenoxx	Espremedor de Frutas Lenoxx Pratic PEF 501 - Preto
./34.csv:3180982	Mondial	Espremedor de Frutas Mondial Turbo Citrus E-01 Branco
./34.csv:3635984	Mallory	Espremedor de Frutas Fruits 2 em 1 40W 1 4 Litros Mallory - 220V
./34.csv:1228615	WoW	Espremedor de Alho Cromado Wow 18 Cm
./34.csv:3574920	Spolu	Espremedor Frutas Industrial Pocket SPL-099 Copo Plástico Spolu
./34.csv:3617322	Livon®	Espremedor Batata Inox
./34.csv:3600275	Mondial	Espremedor de Fruta Mondial Ultra E-04 Preto Acionamento Automático Desmontável Dupla Rotação
./34.csv:2617448	Mondial	Conjunto Especial Mondial Gourmet KT-25 - Liquidificador  Batedeira E Espremedor - Preto 127V
./34.csv:3526744	Mondial	Conjunto com Liquidificador  Batedeira e Espremedor de Frutas Mondial Gourmet Red KT-74 - 110V
./34.csv:3526746	Mondial	Conjunto com Liquidificador  Batedeira e Espremedor de Frutas Mondial Gourmet Red KT-74 - 220V
./34.csv:3679889	Spolu	Espremedor De Frutas Pocket 220W Caçamba Plástica Spolu 110V
./34.csv:3605076	Mallory	Espremedor Citromax 220V  Mallory
./34.csv:3166023	Mondial	Espremedor de Frutas Premium 30W E-02 Mondial - 220V
./34.csv:3641694	Cadence	Espremedor de Frutas Max Juice ESP801 Cadence 220v
./34.csv:3643018	Spolu	Espremedor de Frutas Industrial Potenza Bivolt Spolu
./34.csv:3184164	Mondial	Espremedor de Frutas Turbo Citrus 25W E01 Mondial - 110V
./34.csv:3156883	Mondial	Espremedor de Frutas Turbo Citrus 25W E01 Mondial - 220V
./34.csv:1136192	Mallory	Espremedor Fruits 2X1 40W  127v - Mallory
./34.csv:3692061	Arge	Espremedor De Frutas Supremix 250w Bivolt - Arge
./34.csv:162567	Mondial	Espremedor de Frutas Turbo White Premium  Bivolt  E-09 - Mondial
"./36.csv:""TR190HDU72WKD-1"""	Tramontina	Utilidade Tramontina by Breville Espremedor Prata - Único
"./3.csv:""193593"""	Spolu	Espremedor de Suco Residencial Médio com 200W de Potência e Corpo em Inox Bivolt SPL-005 - Spolu - Voltagem Bivolt
"./44.csv:""023001100"""	britânia	Kit 3 em 1 Britânia com Liquidificador Batedeira - Espremedor - 220 Volts
"./44.csv:""084238500"""	spolu	Espremedor de Frutas Residencial Spolu SPL-005 - Inox Automático Tamanho Médio
"./44.csv:""084238700"""	spolu	Espremedor de Frutas Industrial Spolu SPL-007 - Inox Automático Desmontável
"./44.csv:""086246200"""	mondial	Kit Gourmet Mondial com Liquidificador   Batedeira - Espremedor - 220 Volts
"./44.csv:""088708700"""	oster	Espremedor de Frutas Oster 4176-017 Elétrico 75W - 500ml Automático Preto - 110 Volts
"./44.csv:""088890100"""	tron	Espremedor de Frutas Automático Industrial Inox 1L - Tron 51.05-0003
"./44.csv:""200649400"""	arno	Espremedor de Frutas Arno PA32 Elétrico 70W - 1 25 Litros Automático Preto - 110 Volts
"./44.csv:""200649500"""	arno	Espremedor de Frutas Arno PA32 Elétrico 70W - 1 25 Litros Automático Preto - 220 Volts
"./44.csv:""204480300"""	cadence	Espremedor de Frutas Cadence Citro Plus Elétrico - 85W Automático Preto e Prata - 110 Volts
"./44.csv:""204480400"""	cadence	Espremedor de Frutas Cadence Citro Plus Elétrico - 85W Automático Preto e Prata - 220 Volts
"./44.csv:""204491800"""	fischer	Espremedor de Frutas Fischer Le Cheff 13511-15415 - Elétrico Inox 30W 1 Litro Automático Preto - 110 Volts
"./44.csv:""204491900"""	fischer	Espremedor de Frutas Fischer Le Cheff 13511-15415 - Elétrico Inox 30W 1 Litro Automático Preto - 220 Volts
"./44.csv:""210338700"""	hamilton beach	Espremedor de Frutas Hamilton Beach Freshmix - Elétrico 30W 450ml Automático Preto - 110 Volts
"./44.csv:""210338800"""	hamilton beach	Espremedor de Frutas Hamilton Beach Freshmix - Elétrico 30W 450ml Automático Preto - 220 Volts
"./44.csv:""213458600"""	spolu	Espremedor de Frutas Industrial Pocket - Spolu - 220 Volts
"./44.csv:""213458700"""	spolu	Espremedor de Frutas Industrial Potenza - Spolu SPL-071
"./44.csv:""213933700"""	cuisinart	Espremedor de Frutas Cuisinart CCJ-500BR - Elétrico Inox 25W Prata - 110 Volts
"./44.csv:""213933800"""	cuisinart	Espremedor de Frutas Cuisinart CCJ-500BR - Elétrico Inox 25W Prata - 220 Volts
"./44.csv:""214351100"""	black&decker	Espremedor de Frutas Black&Decker CJ650 Elétrico - 30W 1L Branco - 110 Volts
"./44.csv:""214351200"""	black&decker	Espremedor de Frutas Black&Decker CJ650 Elétrico - 30W 1L Branco - 220 Volts
"./44.csv:""214807900"""	tramontina	Espremedor de Frutas Tramontina By Breville - Express Elétrico Inox 110W Alumínio - 110 Volts
"./44.csv:""216527300"""	britânia	Espremedor de Frutas Britânia Bellagio Maxx 35W - 1 5L Vermelho - 110 Volts
"./44.csv:""216527400"""	britânia	Espremedor de Frutas Britânia Bellagio Maxx 35W - 1 5L Vermelho - 220 Volts
"./44.csv:""216974300"""	mondial	Espremedor de Frutas Mondial Red Premium E-23 - 30W 1 25L Vermelho - 110 Volts
"./44.csv:""216974400"""	mondial	Espremedor de Frutas Mondial Red Premium E-23 - 30W 1 25L Vermelho - 220 Volts
"./44.csv:""217245300"""	mondial	Kit Gourmet Red Premium Mondial - com Liquidificador   Batedeira   Espremedor - 220 Volts
"./44.csv:""910043300"""	lalaloopsy	Lalaloopsy Espremedor - Toyng - Lalaloopsy
"./44.csv:""911507600"""	kenya	ESPREMEDOR DE CÍTRICOS AMARELO WINE COLLECTION KENYA - KENYA
"./44.csv:""915239900"""	suggar	Espremedor de Frutas Suggar Max Fruit Branco 220V EF8662BR - 220V - Suggar
"./44.csv:""916081200"""	clink	Espremedor de Batatas Inox CK703 - Clink
"./44.csv:""918187700"""	oxo	ESPREMEDOR DE CÍTRICOS EM ALUMÍNIO OXO - OXO
"./44.csv:""918248100"""	mallory	Espremedor Fruits 2 em 1 110V - Mallory - Mallory
"./44.csv:""918328900"""	oxo	ESPREMEDOR PARA BATATA EM AÇO INOX OXO - OXO
"./44.csv:""918348200"""	i genietti	ESPREMEDOR DE CÍTRICOS EM AÇO INOX 10CM I GENIETTI - i GENIETTI
"./44.csv:""920482700"""	cadence	Espremedor Cadence de Frutas Max Juice - 127V - Cadence
"./44.csv:""922535700"""	hércules	Espremedor de suco - Hércules
"./44.csv:""923992800"""	hércules	Espremedor de Alho em Aço Inox 19 8 cm - Hércules
"./44.csv:""924611900"""	gourmet mix	Espremedor de Alho com Quebra Nozes - Gourmet Mix - Gourmet Mix
"./44.csv:""925514400"""	cuisinart	ESPREMEDOR DE CÍTRICOS EM AÇO ESCOVADO CUISINART -220V CCJ-210BR - CUISINART
"./44.csv:""925993000"""	cuisinart	ESPREMEDOR DE CÍTRICOS EM AÇO ESCOVADO CUISINART -220V CCJ-500BR - CUISINART
"./44.csv:""930116800"""	cadence	Espremedor Cadence de Frutas Juice Fresh - ESP101 - 220V - Cadence
"./44.csv:""930137300"""	cadence	Espremedor Cadence de Frutas Citro Plus - ESP100 - 220V - Cadence
"./44.csv:""931239400"""	cuisinart	ESPREMEDOR DE CÍTRICOS EM AÇO ESCOVADO CUISINART -127V CCJ-500BR - CUISINART
"./44.csv:""937134400"""	cuisinart	ESPREMEDOR DE CÍTRICOS EM AÇO ESCOVADO CUISINART -127V CCJ-210BR - CUISINART
"./44.csv:""942274100"""	cadence	Espremedor Cadence de Frutas Max Juice - 220V - Cadence
"./44.csv:""942911000"""	suggar	Espremedor de Frutas Suggar Max Fruit Branco 110V EF6601BR - 110V - Suggar
"./44.csv:""942989600"""	proart	ProArt Espremedor de Tintura - ProArt
"./44.csv:""943458100"""	cadence	Espremedor Cadence de Frutas Citro Plus - ESP802 - 220V - Cadence
"./44.csv:""947485300"""	cadence	Espremedor Cadence de Frutas Citro Plus - ESP100 - 127V - Cadence
./53.csv:9095800	Britânia	Espremedor de Frutas Britânia Super Citrus 300 - Prata/Preto
./54.csv:6806590	Lenox	Espremedor de Frutas Lenoxx Pratic PEF 501 - Preto - 110V
./54.csv:6806591	Lenox	Espremedor de Frutas Lenoxx Pratic PEF 501 - Preto - 220V
./54.csv:4451535	Philco	Espremedor de Frutas Philco Citrus Turbo - Preto/Prata - 110V
./54.csv:298903	Philco	Espremedor de Frutas Philco Nectar Turbo PEF-01 - 110V
./56.csv:217159500	britânia	Espremedor de Frutas Britânia Super Citrus 300 - Elétrico 200W 900ml Preto
./59.csv:1743151	Mondial	Conjunto Especial Mondial Gourmet KT-25 (Espremedor Premium E-02   Batedeira Pratic Black B-12   Liquidificador Power Black L-28F) - 110v
./59.csv:2063946	Brinox	Espremedor de Batatas Brinox Suprema 2094/100 em Aço Inox
./59.csv:267147	Arno	Espremedor de Frutas Arno Citrus Power PA 32 - 110V
./59.csv:273538	Arno	Espremedor de Frutas Arno Citrus Power PA 32 - 220V
./59.csv:2233502	Cadence	Espremedor de Frutas Cadence Citro Plus ESP802 - Preto - 220V
./59.csv:14039	Mondial	Espremedor de Frutas Mondial Premium E-02 - 220V
./59.csv:2293557	Oster	Espremedor de Frutas Oster Jarra com capacidade de 500ml 4176 75W - Prata - 110V
./59.csv:2063931	Brinox	Espremedor de Limão Brinox Suprema 2097/100 em Aço Inox
./62.csv:3084565	Britânia	Espremedor de Frutas Britânia Super Citrus 300 0,9L Inox Bivolt
./62.csv:3047328	Arno	Espremedor de Frutas Citrus Power Black 70W 1,25 Litros 110v - Arno - 110V
./62.csv:883275	Hometrends	Espremedor de Frutas Hometrends - Preto
./62.csv:515792	OU Premium 	Espremedor de Frutas Vitra EC 580 OU - Natural
./62.csv:3345351	FAK	Extrator de Suco Espremedor de Frutas 500W Inox FAK
./63.csv:3392933	Electrolux	Espremedor de Frutas Electrolux Easysence JPE11 - Preto - 220V
./63.csv:1000006686	Mondial	Grill Mondial Cook & Grill 40 Premium G-03   Espremedor de Frutas Mondial Turbo Citrus E-01 - 220V
./63.csv:4451536	Philco	Espremedor de Frutas Philco Citrus Turbo - Preto/Prata - 220V
./63.csv:1736265	Philips Walita	Juicer com Espremedor Frutas Philips Walita Avance Collection Centrífuga Juicer RI1870/01 - Preto Fosco - 110v
./65.csv:200649400	Arno	Espremedor de Frutas Arno PA32 Elétrico 70W - 1,25 Litros Automático Preto - 110 Volts
./65.csv:937524600	Black & Decker	Espremedor de Frutas Jarra de 1 Litro CJ 650 Black Decker - Black Decker
./65.csv:214351300	Black&Decker	Espremedor de Frutas Black&Decker CJ INOX-BR - Elétrico Inox 85W - 110 Volts
./65.csv:933951100	Brandani	Espremedor Citrinos Metal Cromado Alto - Brandani - Prata - Brandani Brasil
./65.csv:204559300	Brinox	Balde com Espremedor de Mop - Brinox Super Clean 2950/300
./65.csv:88021200	Brinox	Espremedor de Alho Inox - Brinox Top Pratic 2202/346
./65.csv:21840200	Britânia	Espremedor de Frutas Britânia Bellagio Maxx - 1,5L - 110 Volts
./65.csv:216527300	Britânia	Espremedor de Frutas Britânia Bellagio Maxx 35W - 1,5L Vermelho - 110 Volts
./65.csv:932813100	cadence	Espremedor de Frutas - 220V - Cadence
./65.csv:204451900	Cadence	Espremedor de Frutas Cadence Dilleta Elétrico 25W - 750ML Automático Preto
./65.csv:200237600	Cadence	Espremedor de Frutas Cadence Max Juice ESP801 - Elétrico Inox 42W 1,2 Litros Automático Preto
./65.csv:942274100	cadence	Espremedor de Frutas Max Juice - 220V - Cadence
./65.csv:930368900	Fischer	Espremedor de Frutas 1L Citrus Fischer Le Cheff Preto 13511 - Fischer
./65.csv:86049300	Ghidini	Espremedor de Alho 3 Tipos de Lâmina - Ghidini Acea
./65.csv:204519300	Ghidini	Espremedor Manual para Limão - Ghidini
./65.csv:941047500	Hamilton Beach	Espremedor de Frutas Freshmix Preto 66333 - Hamilton Beach - Hamilton Beach
./65.csv:935861900	KitchenAid	Espremedor de Alho - KitchenAid - Vermelho - KitchenAid
./65.csv:212879300	Mondial	Espremedor de Frutas Mondial Citrus Juicer E-06 - Elétrico 85W 1,25 litros Automático Prata e Preto - 220 Volts
./65.csv:216974500	Mondial	Espremedor/Extrator de Frutas Mondial - Red Premium E-24 250W 1,25L Vermelho
./65.csv:949582700	Oster	Espremedor de Frutas com Capacidade de 500ml Preto 4176 Oster - Oster
./65.csv:21804000	Philco	Espremedor de Frutas Philco Citrus Turbo Elétrico - Inox 85W 1,5L Automático Preto
./65.csv:213400700	Philco	Espremedor de Frutas Philco Nectar Turbo 100 - Elétrico 85W 500ml Cinza e Vermelho - 110 Volts
./65.csv:21840000	Philco	Espremedor de Frutas Philco Nectar Turbo Elétrico - 85W Preto e Prata
./65.csv:933467300	Tramontina	Espremedor Branco/Verde - Tramontina - Branco - Tramontina
./65.csv:86059200	Tramontina	Espremedor de Alho Manual - Tramontina 25601/180
./65.csv:86059600	Tramontina	Espremedor de Alho Speciale Inox - Tramontina 25700/100
./65.csv:86020500	Tramontina	Espremedor de Frutas Manual Inox - Tramontina Cosmos 61107/141
./65.csv:947203000	Tramontina	Espremedor Preto/Laranja - Tramontina - Preto - Tramontina
./65.csv:930973400	UZ Utilidades	Espremedor de Frutas Plus Vermelho Sólido de Plástico - Vermelho - UZ Utilidades
./65.csv:946894800		(Acessório) Kit Moedor   Espremedor   Fatiador Kenwood para Cooking Chef e Major Titanium MA350 - Kenwood
./65.csv:936772800		Espremedor de Alho - Preto - Lyor Design
./65.csv:949091900		Espremedor de Alho Colourworks Aço Inox Vermelho Kitchen Craft - Kitchen Craft
./65.csv:946880800		Espremedor de Alho com Caixa - KitchenAid - Vermelho - KitchenAid
./65.csv:944374900		Espremedor de Alho Inox Plus - Gourmet Mix - Marcamix
./65.csv:940482200		Espremedor de Alho Quebra Nozes Inox Plus - Gourmet Mix - Marcamix
./65.csv:937824400		Espremedor de Batata Scoop Branco Joseph Joseph - Joseph Joseph
./65.csv:948608200		Espremedor de Batata Scoop Verde Joseph Joseph - Joseph Joseph
./65.csv:949369600		Espremedor de Frutas CJ Inox Black Decker com Alça Exclusiva - Black Decker
./65.csv:939803400		Espremedor de Sucos 127V Oster - Oster
./65.csv:931137700		Mini Espremedor Duplo de Laranja e Limão Juicester Jr - CHEFN
./67.csv:7354703	Brinox	Espremedor de Alho Brinox Top Pratic em Aco Inox
./67.csv:9584382	Brinox	Espremedor de Frutas Brinox 400ml Verona
./67.csv:9912622	Oster	Espremedor de Frutas Oster 75W 0 5L 1 Velocidade Chrome 4176 110V
./67.csv:9903828	Oster	Espremedor de Frutas Oster 75W 0 5L 1 Velocidade Chrome 4176 220V
./67.csv:9912460	Mallory	Espremedor de Frutas Mallory Fruits 40W 1 4L 1 Velocidade B92400202- 220V
./67.csv:9912452	Mallory	Espremedor de Frutas Mallory Fruits 2 em 1 40W 1 4L 1 Velocidade B92400201 - 110V
./67.csv:9902937	Cadence	Espremedor de Frutas Cadence Max Juice 42W 1 2L 1 Velocidade ESP801 220V
./67.csv:9884165	Cadence	Espremedor de Frutas Cadence Max Juice 42W 1 2L 1 Velocidade ESP801 110V
./67.csv:9843280	Arno	Espremedor de Frutas Arno Citrus Power 70W 1 25L 1 Velocidade PA300211 - 220V
./67.csv:9843272	Arno	Espremedor de Frutas Arno Citrus Power 70W 1 25L 1 Velocidade PA300211 - 110V
./67.csv:9858032	Euro	Espremedor de Frutas Euro Bar IN1318
./67.csv:8751439	Mondial	Espremedor de Frutas Mondial Premium 30W 1 25L 1 Velocidade E02 110V
./67.csv:8751501	Mondial	Espremedor de Frutas Mondial Premium 30W 1 25L 1 Velocidade E02 220V
./72.csv:ME174AC98IWZMOB-355570	Metaltru	Espremedor Citrus Metaltru - Transparente/Verde - Único
./72.csv:QU331AC45QUWMOB-360593	Que Cozinha	Garrafa De Acrílico Com Espremedor De Frutas - Único
./72.csv:CA380AC60ATZMOB-343689	Cadence	Espremedor de Frutas Cadence - ESP100 - 220V - Único
./72.csv:MO553AC71ATOMOB-343678	Mondial	Espremedor De Frutas Mondial Turbo Citrus E-01-220v - ÚNICO
./72.csv:TR223AC04NKHMOB-277921	Tron	Espremedor de Frutas Industrial Tron Master 51050004 Bivolt Inox com Tampa e Copo em Polipropileno - 200 W - Único
./72.csv:TR223AC05NKGMOB-277920	Tron	Espremedor de Frutas Industrial Tron Super 51050003 Bivolt - 280 W - Único
./72.csv:TR223AC06NKFMOB-277919	Tron	Espremedor de Frutas Industrial Tron Hiper 51050001 Bivolt - 300W - Único
./72.csv:BR013AC49ARI-449	Brinox	Espremedor de Alho e Quebra Nozes Top Pratic - Único
./72.csv:CU203CL59LRCMOB-187180	Cuisinart	Espremedor de citricos em Aço Escovado - CCJ-500BR
./72.csv:BR013AC82UEJMOB-174954	Brinox	Espremedor De Frutas Multiuso Process - Único
./72.csv:CA380AC95NKQMOB-277933	Cadence	Espremedor de Frutas Cadence Max Juice ESP801 - Preto - 220v
./72.csv:PH496AC98NKNMOB-277927	Philco	Espremedor de Frutas Philco Nectar Turbo 100 - Vermelho - 220V
./73.csv:214351400	Black&Decker	Espremedor de Frutas Black&Decker CJ INOX-BR - Elétrico Inox 85W - 220 Volts
./78.csv:200649500	Arno	Espremedor de Frutas Arno Citrus Power PA32 - 1 25 Litros Automático - 220 Volts
./78.csv:214351100	Black&Decker	Espremedor de Frutas Black&Decker CJ650 Elétrico - 30W 1L Branco
./78.csv:88759000	Cadence	Centrífuga de Frutas Cadence Slow Juicer Elétrico - Inox 200W Automático Branco
./78.csv:213933700	Cuisinart	Espremedor de Frutas Cuisinart - CCJ-500BR - 110 Volts
./78.csv:21801129	Mondial	Espremedor de Frutas Mondial E-02 Premium - Elétrico 30W 1,25L Automático Preto - 220 Volts
./78.csv:88708800	Oster	Espremedor de Frutas Oster 4176-017 Elétrico 75W - 500ml Automático Preto - 220 Volts
./78.csv:21804100	Philco	Espremedor de Frutas Philco Citrus Turbo 1,5L - Automático - 220 Volts
./81.csv:7084070	Black Decker	Espremedor de Frutas Black and Decker CJ Inox - 220 V
./81.csv:7084073	Black Decker	Espremedor de Frutas Black and Decker CJ650 1 Litro - Branco - 220 V
./81.csv:470390	Britânia	Espremedor de Frutas Britânia Pro 250 Preto - 120W - 110v
./81.csv:4815762	GS Internacional S.A.	Espremedor de Alho Colourworks em Inox Kitchen Craft - 17cm - Cor Azul doce
./81.csv:4815764	GS Internacional S.A.	Espremedor de Alho Colourworks em Inox Kitchen Craft - 17cm - Cor Laranja
./81.csv:4815763	GS Internacional S.A.	Espremedor de Alho Colourworks em Inox Kitchen Craft - 17cm - Cor Verde limão
./81.csv:7322506	Hauskraft	Espremedor de Alho Hauskraft em Zinco
./81.csv:8468031	Hercules UD	Espremedor de Limão Hercules em Aço Inox - 15 cm
./81.csv:2878129	Hercules UD	Espremedor de Limão Hercules em Aço Inox UC36
./81.csv:8468222	Hercules UD	Espremedor de Limão Hercules em Silicone - Amarelo
./81.csv:4205132	Lyor	Espremedor de Alho Lyor - 16 cm - Cor Amarelo
./81.csv:4205129	Lyor	Espremedor de Alho Lyor - 16 cm - Cor Preto
./81.csv:4205130	Lyor	Espremedor de Alho Lyor - 16 cm - Cor Rosa
./81.csv:4205131	Lyor	Espremedor de Alho Lyor - 16 cm - Cor Verde limão
./81.csv:3763451	Mondial	Espremedor Mondial Turbo citrus E-15 - Branco - 110V
./81.csv:2293558	Oster	Espremedor de Frutas Oster Jarra com capacidade de 500ml 4176 75W - Prata - 220V
./81.csv:7573029	Ricaelle	Porta Espremedor de Laranja Ricaelle - 16 cm - Cor Azul doce
./81.csv:7573031	Ricaelle	Porta Espremedor de Laranja Ricaelle - 16 cm - Cor Azul turquesa
./81.csv:2438733	Suggar	Espremedor Suggar Max Fruit 40W - Branco - 220V
./81.csv:5838990	Tramontina	Espremedor de Frutas Tramontina Express com 110W - Prata - 110V
./81.csv:5838991	Tramontina	Espremedor de Frutas Tramontina Express com 110W - Prata - 220V
./81.csv:5800860	WoW	Espremedor de Alho Wow Fine
./86.csv:434635	Tron	Espremedor de Frutas Industrial Tron Hiper 51050001 Bivolt - 300W
./86.csv:434634	Tron	Espremedor de Frutas Industrial Tron Super 51050003 Bivolt - 280 W
./86.csv:434632	Tron	Espremedor de Frutas Industrial Tron Master 51050002 Bivolt Inox com Tampa em Alumínio - 200 W
./87.csv:21890600		Espremedor de Frutas 1 Litro 40 Watts Automático - Amvox AES 3400
